video_id,url,author,description,original_text,translated_text,language,duration,extracted_at,status,error_message
7667890294230191373,https://www.tiktok.com/@anker_uk/video/7667890294230191373?lang=en&is_copy_url=1&is_from_webapp=v1,@anker_uk,#man #healthy #healthylifestyle #tiktok #supplements,"Si te estás más turbando todos los días, tu energía ha bajado notoriamente y ni si quiera un lebe coqueteo de tu novia logra en tu sias marte, sí. Eso significa que tus vasos en guiños están obstruidos. Quieres dejarla de rodillas pidiendo piedad necesitas, elearginina y el esitrulina para activar un estallido masivo de óxido nitrico. Barriendo con fuerza, la basura acumulada para que la sangre fluyra con la potencia de una pistola de agua a alta presión. Combinado con asjuaganda y zinc lleva a tu testosterona de vuelta a su cima. En solo 3 días, esas arterias que se habían encogido al tamaño de un popote se dilataran a la fuerza hasta duplicar su ancho. Los hombres inteligentes no compran 14 frascos de suplementos por separado, bandirecto por seller menscomplex, una sola cápsula concentra 14 de los ingredientes mas potentes, diseñada a la medida para el motor masculino, a un precio ridículamente bajo. Si no te convierte en una máquina total y las es gritar de placer, no solo te daré un rembolso completo, sino que te pediré disculpas públicas.",如果你每天都变得更加不安，那么你的精力就会明显下降，即使是你女朋友的一点调情也无法让你度过火星，是的。这意味着你的眨眼眼镜被堵塞了。如果你想让她跪下求饶，你需要爱麦宁和依曲林来激活大量的一氧化氮。以高压水枪的威力，强力扫除堆积的垃圾，让血液流淌。与 asjuaganda 和锌相结合，它可以让您的睾丸激素恢复到峰值。短短三天时间，那些缩小到稻草大小的动脉，被强行扩张至原来的两倍宽度。聪明的男士不会单独购买14瓶补充剂，直接由卖家menscomplex直接购买，一粒胶囊浓缩了14种最强大的成分，专为男性运动量身定制，价格低得离谱。如果它没有让你变成一台完整的机器并高兴地尖叫，我不仅会给你全额退款，而且我会向你公开道歉。,es,53s,2026-08-12T06:40:56.646732,success,
7667890294230191373,https://www.tiktok.com/@anker_uk/video/7667890294230191373?lang=en&is_copy_url=1&is_from_webapp=v1,@anker_uk,#man #healthy #healthylifestyle #tiktok #supplements,"Si te estás más turbando todos los días, tu energía ha bajado notoriamente y ni si quiera un lebe coqueteo de tu novia logra en tu sias marte, sí. Eso significa que tus vasos en guiños están obstruidos. Quieres dejarla de rodillas pidiendo piedad necesitas, elearginina y el esitrulina para activar un estallido masivo de óxido nitrico. Barriendo con fuerza, la basura acumulada para que la sangre fluyra con la potencia de una pistola de agua a alta presión. Combinado con asjuaganda y zinc lleva a tu testosterona de vuelta a su cima. En solo 3 días, esas arterias que se habían encogido al tamaño de un popote se dilataran a la fuerza hasta duplicar su ancho. Los hombres inteligentes no compran 14 frascos de suplementos por separado, bandirecto por seller menscomplex, una sola cápsula concentra 14 de los ingredientes mas potentes, diseñada a la medida para el motor masculino, a un precio ridículamente bajo. Si no te convierte en una máquina total y las es gritar de placer, no solo te daré un rembolso completo, sino que te pediré disculpas públicas.",如果你每天都变得更加不安，那么你的精力就会明显下降，即使是你女朋友的一点调情也无法让你度过火星，是的。这意味着你的眨眼眼镜被堵塞了。如果你想让她跪下求饶，你需要爱麦宁和依曲林来激活大量的一氧化氮。以高压水枪的威力，强力扫除堆积的垃圾，让血液流淌。与 asjuaganda 和锌相结合，它可以让您的睾丸激素恢复到峰值。短短三天时间，那些缩小到稻草大小的动脉，被强行扩张至原来的两倍宽度。聪明的男士不会单独购买14瓶补充剂，直接由卖家menscomplex直接购买，一粒胶囊浓缩了14种最强大的成分，专为男性运动量身定制，价格低得离谱。如果它没有让你变成一台完整的机器并高兴地尖叫，我不仅会给你全额退款，而且我会向你公开道歉。,es,53s,2026-08-12T06:41:03.054690,success,
7667890294230191373,https://www.tiktok.com/@anker_uk/video/7667890294230191373?lang=en&is_copy_url=1&is_from_webapp=v1,@anker_uk,#man #healthy #healthylifestyle #tiktok #supplements,"Si te estás más turbando todos los días, tu energía ha bajado notoriamente y ni si quiera un lebe coqueteo de tu novia logra en tu sias marte, sí. Eso significa que tus vasos en guiños están obstruidos. Quieres dejarla de rodillas pidiendo piedad necesitas, elearginina y el esitrulina para activar un estallido masivo de óxido nitrico. Barriendo con fuerza, la basura acumulada para que la sangre fluyra con la potencia de una pistola de agua a alta presión. Combinado con asjuaganda y zinc lleva a tu testosterona de vuelta a su cima. En solo 3 días, esas arterias que se habían encogido al tamaño de un popote se dilataran a la fuerza hasta duplicar su ancho. Los hombres inteligentes no compran 14 frascos de suplementos por separado, bandirecto por seller menscomplex, una sola cápsula concentra 14 de los ingredientes mas potentes, diseñada a la medida para el motor masculino, a un precio ridículamente bajo. Si no te convierte en una máquina total y las es gritar de placer, no solo te daré un rembolso completo, sino que te pediré disculpas públicas.",如果你每天都变得更加不安，那么你的精力就会明显下降，即使是你女朋友的一点调情也无法让你度过火星，是的。这意味着你的眨眼眼镜被堵塞了。如果你想让她跪下求饶，你需要爱麦宁和依曲林来激活大量的一氧化氮。以高压水枪的威力，强力扫除堆积的垃圾，让血液流淌。与 asjuaganda 和锌相结合，它可以让您的睾丸激素恢复到峰值。短短三天时间，那些缩小到稻草大小的动脉，被强行扩张至原来的两倍宽度。聪明的男士不会单独购买14瓶补充剂，直接由卖家menscomplex直接购买，一粒胶囊浓缩了14种最强大的成分，专为男性运动量身定制，价格低得离谱。如果它没有让你变成一台完整的机器并高兴地尖叫，我不仅会给你全额退款，而且我会向你公开道歉。,es,53s,2026-08-12T06:41:09.072256,success,
7667890294230191373,https://www.tiktok.com/@anker_uk/video/7667890294230191373?lang=en&is_copy_url=1&is_from_webapp=v1,@anker_uk,#man #healthy #healthylifestyle #tiktok #supplements,"Si te estás más turbando todos los días, tu energía ha bajado notoriamente y ni si quiera un lebe coqueteo de tu novia logra en tu sias marte, sí. Eso significa que tus vasos en guiños están obstruidos. Quieres dejarla de rodillas pidiendo piedad necesitas, elearginina y el esitrulina para activar un estallido masivo de óxido nitrico. Barriendo con fuerza, la basura acumulada para que la sangre fluyra con la potencia de una pistola de agua a alta presión. Combinado con asjuaganda y zinc lleva a tu testosterona de vuelta a su cima. En solo 3 días, esas arterias que se habían encogido al tamaño de un popote se dilataran a la fuerza hasta duplicar su ancho. Los hombres inteligentes no compran 14 frascos de suplementos por separado, bandirecto por seller menscomplex, una sola cápsula concentra 14 de los ingredientes mas potentes, diseñada a la medida para el motor masculino, a un precio ridículamente bajo. Si no te convierte en una máquina total y las es gritar de placer, no solo te daré un rembolso completo, sino que te pediré disculpas públicas.",如果你每天都变得更加不安，那么你的精力就会明显下降，即使是你女朋友的一点调情也无法让你度过火星，是的。这意味着你的眨眼眼镜被堵塞了。如果你想让她跪下求饶，你需要爱麦宁和依曲林来激活大量的一氧化氮。以高压水枪的威力，强力扫除堆积的垃圾，让血液流淌。与 asjuaganda 和锌相结合，它可以让您的睾丸激素恢复到峰值。短短三天时间，那些缩小到稻草大小的动脉，被强行扩张至原来的两倍宽度。聪明的男士不会单独购买14瓶补充剂，直接由卖家menscomplex直接购买，一粒胶囊浓缩了14种最强大的成分，专为男性运动量身定制，价格低得离谱。如果它没有让你变成一台完整的机器并高兴地尖叫，我不仅会给你全额退款，而且我会向你公开道歉。,es,53s,2026-08-12T06:40:56.646732,success,
7667890294230191373,https://www.tiktok.com/@anker_uk/video/7667890294230191373?lang=en&is_copy_url=1&is_from_webapp=v1,@anker_uk,#man #healthy #healthylifestyle #tiktok #supplements,"Si te estás más turbando todos los días, tu energía ha bajado notoriamente y ni si quiera un lebe coqueteo de tu novia logra en tu sias marte, sí. Eso significa que tus vasos en guiños están obstruidos. Quieres dejarla de rodillas pidiendo piedad necesitas, elearginina y el esitrulina para activar un estallido masivo de óxido nitrico. Barriendo con fuerza, la basura acumulada para que la sangre fluyra con la potencia de una pistola de agua a alta presión. Combinado con asjuaganda y zinc lleva a tu testosterona de vuelta a su cima. En solo 3 días, esas arterias que se habían encogido al tamaño de un popote se dilataran a la fuerza hasta duplicar su ancho. Los hombres inteligentes no compran 14 frascos de suplementos por separado, bandirecto por seller menscomplex, una sola cápsula concentra 14 de los ingredientes mas potentes, diseñada a la medida para el motor masculino, a un precio ridículamente bajo. Si no te convierte en una máquina total y las es gritar de placer, no solo te daré un rembolso completo, sino que te pediré disculpas públicas.",如果你每天都变得更加不安，那么你的精力就会明显下降，即使是你女朋友的一点调情也无法让你度过火星，是的。这意味着你的眨眼眼镜被堵塞了。如果你想让她跪下求饶，你需要爱麦宁和依曲林来激活大量的一氧化氮。以高压水枪的威力，强力扫除堆积的垃圾，让血液流淌。与 asjuaganda 和锌相结合，它可以让您的睾丸激素恢复到峰值。短短三天时间，那些缩小到稻草大小的动脉，被强行扩张至原来的两倍宽度。聪明的男士不会单独购买14瓶补充剂，直接由卖家menscomplex直接购买，一粒胶囊浓缩了14种最强大的成分，专为男性运动量身定制，价格低得离谱。如果它没有让你变成一台完整的机器并高兴地尖叫，我不仅会给你全额退款，而且我会向你公开道歉。,es,53s,2026-08-12T06:40:56.646732,success,
7665214060249533710,https://www.tiktok.com/@anker_uk/video/7665214060249533710?lang=en&is_copy_url=1&is_from_webapp=v1,@anker_uk,#tiktok #DealsForYouDays#fyp#man,"Si tú pene, ¿es así? Y quieres que sea así en realidad es muy fácil. Como nutricionista masculino con 8 años de experiencia, te garantizo que si no estás a ti fecho con tu tamaño, toma una pastilla al día. Si busques resultados más grandes tomados al día, este es nuestro producto exclusivo para hombres. La L-Arginina y la L-Sitrulina van a explotar una cantidad de normes de oxydonítrico en tu cuerpo. En solo tres días, eso zona, que ya está en cogida como un pagito, va a abrirse de nuevo, más rápido que lo negatrés. Va a borrar las piedras y placas que se han pegado durante más de diez años en las paredes de tus venas, dejando las completamente limpias. Si en siete días no ves un cambio total, te devolvemos el dinero sin preguntas. Comprados cajas y te lo enviamos gratis. No lo pienses más, haz clic ahora.",是的，你的阴茎是这样的吗？而你想要它是这样的，其实很简单。作为一名拥有8年经验的男性营养师，我保证如果您对自己的身材不满意，每天服用一粒。如果您希望每天服用效果更佳，这是我们专为男士设计的产品。 L-精氨酸和 L-西曲氨酸会在您的体内产生大量的一氧化氮。短短三天内，这片原本已经热闹非凡的区域，将会再次开放，速度比负面还要快。它会清除粘附在您静脉壁上十多年的结石和斑块，使其完全清洁。如果您在 7 天内没有看到任何变化，我们将无理由退款。买了盒子，我们免费寄给您。不要三思而后行，立即点击。,es,47s,2026-08-12T06:41:14.692394,success,
7667890294230191373,https://www.tiktok.com/@anker_uk/video/7667890294230191373?lang=en&is_copy_url=1&is_from_webapp=v1,@anker_uk,#man #healthy #healthylifestyle #tiktok #supplements,"Si te estás más turbando todos los días, tu energía ha bajado notoriamente y ni si quiera un lebe coqueteo de tu novia logra en tu sias marte, sí. Eso significa que tus vasos en guiños están obstruidos. Quieres dejarla de rodillas pidiendo piedad necesitas, elearginina y el esitrulina para activar un estallido masivo de óxido nitrico. Barriendo con fuerza, la basura acumulada para que la sangre fluyra con la potencia de una pistola de agua a alta presión. Combinado con asjuaganda y zinc lleva a tu testosterona de vuelta a su cima. En solo 3 días, esas arterias que se habían encogido al tamaño de un popote se dilataran a la fuerza hasta duplicar su ancho. Los hombres inteligentes no compran 14 frascos de suplementos por separado, bandirecto por seller menscomplex, una sola cápsula concentra 14 de los ingredientes mas potentes, diseñada a la medida para el motor masculino, a un precio ridículamente bajo. Si no te convierte en una máquina total y las es gritar de placer, no solo te daré un rembolso completo, sino que te pediré disculpas públicas.",如果你每天都变得更加不安，那么你的精力就会明显下降，即使是你女朋友的一点调情也无法让你度过火星，是的。这意味着你的眨眼眼镜被堵塞了。如果你想让她跪下求饶，你需要爱麦宁和依曲林来激活大量的一氧化氮。以高压水枪的威力，强力扫除堆积的垃圾，让血液流淌。与 asjuaganda 和锌相结合，它可以让您的睾丸激素恢复到峰值。短短三天时间，那些缩小到稻草大小的动脉，被强行扩张至原来的两倍宽度。聪明的男士不会单独购买14瓶补充剂，直接由卖家menscomplex直接购买，一粒胶囊浓缩了14种最强大的成分，专为男性运动量身定制，价格低得离谱。如果它没有让你变成一台完整的机器并高兴地尖叫，我不仅会给你全额退款，而且我会向你公开道歉。,es,53s,2026-08-12T06:40:56.646732,success,
7670477975812377870,https://www.tiktok.com/@anker_uk/video/7670477975812377870?lang=en&is_copy_url=1&is_from_webapp=v1,@anker_uk,,,,,,2026-08-12T06:41:17.678613,error,Url parsing is failed! Please check url.
7670477975812377870,https://www.tiktok.com/@anker_uk/video/7670477975812377870?lang=en&is_copy_url=1&is_from_webapp=v1,@anker_uk,,,,,,2026-08-12T06:41:17.678613,error,Url parsing is failed! Please check url.
7665338675856690445,https://www.tiktok.com/@anker_uk/video/7665338675856690445?lang=en&is_copy_url=1&is_from_webapp=v1,@anker_uk,,,,,,2026-08-12T06:41:20.784520,error,Url parsing is failed! Please check url.
7670477975812377870,https://www.tiktok.com/@anker_uk/video/7670477975812377870?lang=en&is_copy_url=1&is_from_webapp=v1,@anker_uk,,,,,,2026-08-12T07:05:26.840055,error,tikwm API failed: 403 Client Error: Forbidden for url: https://www.tikwm.com/api/?url=https%3A%2F%2Fwww.tiktok.com%2F%40anker_uk%2Fvideo%2F7670477975812377870
7670477975812377870,https://www.tiktok.com/@anker_uk/video/7670477975812377870?lang=en&is_copy_url=1&is_from_webapp=v1,@anker_uk,,,,,,2026-08-12T07:05:26.840055,error,tikwm API failed: 403 Client Error: Forbidden for url: https://www.tikwm.com/api/?url=https%3A%2F%2Fwww.tiktok.com%2F%40anker_uk%2Fvideo%2F7670477975812377870
7665338675856690445,https://www.tiktok.com/@anker_uk/video/7665338675856690445?lang=en&is_copy_url=1&is_from_webapp=v1,@anker_uk,,,,,,2026-08-12T07:05:34.390181,error,tikwm API failed: 403 Client Error: Forbidden for url: https://www.tikwm.com/api/?url=https%3A%2F%2Fwww.tiktok.com%2F%40anker_uk%2Fvideo%2F7665338675856690445
7668892380812234005,https://www.tiktok.com/@anker_uk/video/7668892380812234005?lang=en&is_copy_url=1&is_from_webapp=v1,@anker_uk,,,,,,2026-08-12T07:05:41.941102,error,tikwm API failed: 403 Client Error: Forbidden for url: https://www.tikwm.com/api/?url=https%3A%2F%2Fwww.tiktok.com%2F%40anker_uk%2Fvideo%2F7668892380812234005
7668892380812234005,https://www.tiktok.com/@anker_uk/video/7668892380812234005?lang=en&is_copy_url=1&is_from_webapp=v1,@anker_uk,,,,,,2026-08-12T07:05:41.941102,error,tikwm API failed: 403 Client Error: Forbidden for url: https://www.tikwm.com/api/?url=https%3A%2F%2Fwww.tiktok.com%2F%40anker_uk%2Fvideo%2F7668892380812234005
7668281207544728845,https://www.tiktok.com/@anker_uk/video/7668281207544728845?lang=en&is_copy_url=1&is_from_webapp=v1,@anker_uk,,,,,,2026-08-12T07:05:49.492710,error,tikwm API failed: 403 Client Error: Forbidden for url: https://www.tikwm.com/api/?url=https%3A%2F%2Fwww.tiktok.com%2F%40anker_uk%2Fvideo%2F7668281207544728845
7670483590551047455,https://www.tiktok.com/@anker_uk/video/7670483590551047455?lang=en&is_copy_url=1&is_from_webapp=v1,@anker_uk,,,,,,2026-08-12T07:05:57.046129,error,tikwm API failed: 403 Client Error: Forbidden for url: https://www.tikwm.com/api/?url=https%3A%2F%2Fwww.tiktok.com%2F%40anker_uk%2Fvideo%2F7670483590551047455
7670477975812377870,https://www.tiktok.com/@anker_uk/video/7670477975812377870?lang=en&is_copy_url=1&is_from_webapp=v1,@anker_uk,,,,,,2026-08-12T07:05:26.840055,error,tikwm API failed: 403 Client Error: Forbidden for url: https://www.tikwm.com/api/?url=https%3A%2F%2Fwww.tiktok.com%2F%40anker_uk%2Fvideo%2F7670477975812377870
7668892380812234005,https://www.tiktok.com/@anker_uk/video/7668892380812234005?lang=en&is_copy_url=1&is_from_webapp=v1,@anker_uk,,,,,,2026-08-12T07:05:41.941102,error,tikwm API failed: 403 Client Error: Forbidden for url: https://www.tikwm.com/api/?url=https%3A%2F%2Fwww.tiktok.com%2F%40anker_uk%2Fvideo%2F7668892380812234005
7670477975812377870,https://www.tiktok.com/@anker_uk/video/7670477975812377870?lang=en&is_copy_url=1&is_from_webapp=v1,@anker_uk,,,,,,2026-08-12T07:59:03.068490,error,Url parsing is failed! Please check url.
7670477975812377870,https://www.tiktok.com/@anker_uk/video/7670477975812377870?lang=en&is_copy_url=1&is_from_webapp=v1,@anker_uk,,,,,,2026-08-12T07:59:03.068490,error,Url parsing is failed! Please check url.
7665338675856690445,https://www.tiktok.com/@anker_uk/video/7665338675856690445?lang=en&is_copy_url=1&is_from_webapp=v1,@anker_uk,,,,,,2026-08-12T07:59:06.229680,error,Url parsing is failed! Please check url.
7668892380812234005,https://www.tiktok.com/@anker_uk/video/7668892380812234005?lang=en&is_copy_url=1&is_from_webapp=v1,@anker_uk,,,,,,2026-08-12T07:59:09.006722,error,Url parsing is failed! Please check url.
7668892380812234005,https://www.tiktok.com/@anker_uk/video/7668892380812234005?lang=en&is_copy_url=1&is_from_webapp=v1,@anker_uk,,,,,,2026-08-12T07:59:09.006722,error,Url parsing is failed! Please check url.
7668281207544728845,https://www.tiktok.com/@anker_uk/video/7668281207544728845?lang=en&is_copy_url=1&is_from_webapp=v1,@anker_uk,#health #man #fyp #tiktok ,"Este es tu estado actual. Este es el estado que ella espera que tengas. Si tomas este producto cada noche antes de dormir en tan solo tres días, esas arterias que ya se han reducido hasta quedar tan delgadas como una pajita, se expandirán con fuerza hasta alcanzar el doble de su anchura original. Cuando sientes en tu mesimiento en las manos y los pies, o simplemente te falta el aire al caminar, tu corazón está luchando desesperadamente por sobrevivir, intentando empujar la sangre a través de sus canales vitales que ya están completamente bloqueados. La L-Arginina y la L-Citrolina provocaran una gran liberación de oxydonítricos, como una máquina de limpieza alta presión, eliminando la acumulación de positada en las paredes de los vasos sanguinis. Si en siete días no ves una transformación completa, te devolveremos el dinero en su totalidad.",这就是你现在的状态。这就是她希望你拥有的状态。如果每天晚上睡前服用本品，短短三天内，那些本来已经收缩到细如吸管的动脉就会大力扩张，直至达到原来宽度的两倍。当你感到手脚抽筋，或者只是走路时感到呼吸急促时，你的心脏正在拼命地挣扎求生，试图将血液推过已经完全堵塞的重要通道。 L-精氨酸和L-柠檬酸会导致氧化硝酸的大量释放，就像高压清洗机一样，消除血管壁上的沉积物堆积。如果您在 7 天内没有看到完全转变，我们将全额退款。,es,45s,2026-08-12T07:59:16.871300,success,
7670483590551047455,https://www.tiktok.com/@anker_uk/video/7670483590551047455?lang=en&is_copy_url=1&is_from_webapp=v1,@anker_uk,🌿MG-Devuélvele a tu cuerpo el equilibrio y la energía que merece #salud #bienestar #suplementos #fyp #magnesium ,"¿Cuál es la forma más rápida de dejar de sentir el cuerpo tan inchado y pesado? No es tomar litros de agua con limón cada mañana, no es meterte al sauna hasta que dar desidratada y mucho menos hacer una dieta extrema que termine dañando tu cuerpo. Solo añade una cosa a tu rutina diaria y podrías notar una gran diferencia. Si tus calcetines siempre te dejan marcas profundas, tus anillos cada vez te aprietan más y con cualquier cosa que come su abdomen, se inflac como globo, escucha esto. Muchas veces no es una sola cosa, duermes mal, no vas al baño con regularidad y tu cuerpo vive tenso. Al final termina sintiéndote pesada de pieza cabeza y aquí está la clave. El magnesio ayuda a regular la respuesta del cuerpo al estrés, mantener el cortisol en niveles saludables y apoyar un mejor descanso, músculos más relajados y una sensación de ligerés adurante el día. Por eso tantas mujeres están recurriendo a Gerawre Magnesium 20 en uno, combina 12 formas de magnesio para apoyar músculos, descanso, energía y digestión. Este nutriente es cerebrales para la calma y la claridad mental y hólmo resbaladizo para una fórmula más amable con el estómago, solo dos cápsulas al día. Al terminar la primera semana las marcas de los calcetines, los anillos apretados y el abdomen inflado empiezan a notarse menos y tú comienzas a sentirte mucho más ligera para la segunda semana la ropa se siente más cómoda, tu cuerpo ya no se siente tan pesado, tu estado de ánimo se siente más estable y hasta duermes. Marrico y al llegar a la tercera semana esa pesada es en el abdomen casi desaparece, la cintura empieza a verse más definida y lo mejor de todo, tus jeans favoritos por fin si erran sin tener que aguantar la respiración. Su único efecto secundario es que se acaba demasiado rápido en tiktok, si todavía ves el carrito naranja revisa el precio ahora, porque cuando entra en oferta vuela.",阻止身体感觉如此肿胀和沉重的最快方法是什么？它不是每天早上喝几升加柠檬的水，也不是在脱水之前才去桑拿，更不用说极端节食而最终损害你的身体了。只要在你的日常生活中添加一件事，你就会发现很大的不同。如果你的袜子总是留下深深的痕迹，你的戒指会越来越挤压你，无论你吃什么，你的腹部都会像气球一样膨胀，听听这个。很多时候不仅仅是一件事，你睡眠不好，你不经常上厕所，你的身体紧张。最后你会感到头重脚轻，这就是关键。镁有助于调节身体对压力的反应，使皮质醇保持在健康水平，并支持更好的休息、更放松的肌肉和全天的轻松感。这就是为什么如此多的女性转向 Gerawe Magnesium 20 合一产品，它结合了 12 种形式的镁来支持肌肉、休息、能量和消化。这种营养素有助于大脑平静和头脑清晰，而滑溜溜的配方则更适合肠胃，每天只需两粒胶囊。第一周结束时，袜子痕迹、紧环和膨胀的腹部开始变得不那么明显，您开始感觉更轻松。到了第二周，你的衣服感觉更舒服了，身体不再那么沉重，心情也更稳定了，甚至可以睡觉了。 Marrico，当你到了第三周时，你腹部的重量几乎消失了，你的腰部开始看起来更加清晰，最重要的是，你最喜欢的牛仔裤终于合身了，而不必屏住呼吸。它唯一的副作用是它在抖音上用得太快了，如果你仍然看到橙色的购物车，请立即检查价格，因为它一上市就飞了。,es,99s,2026-08-12T07:59:26.511260,success,
7670477975812377870,https://www.tiktok.com/@anker_uk/video/7670477975812377870?lang=en&is_copy_url=1&is_from_webapp=v1,@anker_uk,,,,,,2026-08-12T07:59:03.068490,error,Url parsing is failed! Please check url.
7668892380812234005,https://www.tiktok.com/@anker_uk/video/7668892380812234005?lang=en&is_copy_url=1&is_from_webapp=v1,@anker_uk,,,,,,2026-08-12T07:59:09.006722,error,Url parsing is failed! Please check url.
7665689113856707861,https://www.tiktok.com/@anker_uk/video/7665689113856707861?lang=en&is_copy_url=1&is_from_webapp=v1,@anker_uk,#vivonu #ventaveraniega #drenajelinfático #tiktok #health ,"Te lo juro, en solo tres días, esos flacidos brazos de murcielago, empezará a ponerse firme si suaves. Pero no te accedas, o tu marido podría no reconocerte. Si tienes arrugas marcadas en el cuello, con tomar una sola cada noche antes de dormir, basta. Si tus brazos están flacidos, como que eso derretido, dos dos y saldía, lo solucional. Si después de tres días, tus brazos no se ven más firme si suaves, te devuelvo todo el dinero y te pago 30 mil dólares adicionales. Lo único que tienes que hacer es beber esta fórmula rejuvencedora de la piel, cada noche, antes de dormir. Si utiliza la piel flacida y caída, despierta las células cansadas, elimina los desechos del cuerpo y apoya tu sistema inmunológico. A la semana, esa piel arrugada, y las líneas de tus brazos, empezará a verse firme si suaves. A los 30 días, todos pensarán que te hiciste un mini lifting de brazos a escondidas, porque te verás al menos 20 años más joven, pero hay que actuar rápido. Lo dejé en el carrito amarillo de abajo. Ahora mismo tiene una buena promoción. Si todavía puedes ver el carrito amarillo significa que aún hay existencias. Si te interesa, puedes aprovechar la promoción para echarle un vistazo.","我发誓，在短短的三天内，那些松弛的蝙蝠手臂就会开始变得坚硬，即使是柔软的。但不要同意，否则你的丈夫可能认不出你。如果您的颈部有明显皱纹，每晚临睡前服用一粒就足够了。如果你的手臂松弛，就像融化了一样，两两出来，我解决它。如果三天后，你的手臂看起来没有更紧实或更柔软，我将退还你所有的钱，并额外支付你 30,000 美元。您所要做的就是每晚临睡前饮用这种焕肤配方。它利用下垂的皮肤，唤醒疲惫的细胞，清除体内废物，支持您的免疫系统。一周后，皱纹的皮肤和手臂上的皱纹将开始变得紧实光滑。 30天后，大家都会认为你偷偷做了迷你手臂提拉术，因为你看起来至少年轻了20岁，但你得赶紧行动。我把它留在下面的黄色购物车里了。现在他们有很好的促销活动。如果您仍然可以看到黄色购物车，则表示仍有库存。如果您有兴趣，可以趁着促销的机会去看看。",es,55s,2026-08-12T07:59:35.731826,success,
7671259877758553365,https://www.tiktok.com/@anker_uk/video/7671259877758553365?lang=en&is_copy_url=1&is_from_webapp=v1,@anker_uk,,,,,,2026-08-12T08:02:21.080471,error,Url parsing is failed! Please check url.
7669021759823187221,https://www.tiktok.com/@anker_uk/video/7669021759823187221?lang=en&is_copy_url=1&is_from_webapp=v1,@anker_uk,,,,,,2026-08-12T08:02:23.894316,error,Url parsing is failed! Please check url.
7670887741055372575,https://www.tiktok.com/@anker_uk/video/7670887741055372575?lang=en&is_copy_url=1&is_from_webapp=v1,@anker_uk,#montue #foryou #tiktokmademebuyit #health #ventaquincenal ,"Si cada noche tu esposo ya no quiere tocarte, si dice que tus pompices están muy pequeñas y no sientenada, o si por eso ya empezó a buscar a otra mujer, escucha mi bien, no es tu culpa. La mayoría no sabe esto, no necesitas cirugía de glúteos, no necesitas enyecciones, ni pastillas raras que dan en tu cuerpo, el problema puede empezar en tus hormonas femelinas. Cuando el estrógeno baja, la grasa deja de irse a tus curvas, el glúteo mayor se apaga, la piel se afloja y tus pompices se ven planas, caídas y cindida. Por eso, las dos claves son, saus gatillo y fenógreco. El saus gatillo trabaja la ruta dopamina de dos a pro latina para ordenar la señal hormonal femelina. El fenógreco aportas aponinas vegetales para que tu cuerpo responda mejor y tus curvas se vean más llenas. Cuando esa ruta se activa, el glúteo mayor despierta, la piel se tensa y las pompices empiezan a ver se más redondas, firmes y levantadas. Por eso uso montuegó mitas femelinas de durasno. Alta concentración de saus gatillo y fenógreco, más maca, llame silvestre, donquai, agripalma, ginseng, saupalmeto y kelp para potenciar la fórmula. Solo una dos gómitas al día, entre 10 puedes sentir calor en las pompias, como si por fin estuvieras despertando. En 7 días puedes sentir las más llenitas con esa sensación de que empiezan a crecer. En 30 días tus curvas pueden verse más redondas, más firmes y más levantadas. Si después de usar montuegó tus ginses siguen flujos de atrás, te devolvemos dinero. Si ves el carrito naranja, pide lo ahora, porque cuando se acabe el precio sube.",如果每天晚上你的丈夫不再想碰你，如果他说你的屁股很小，感觉不到，或者如果这就是他已经开始寻找另一个女人的原因，听我说，这不是你的错。大多数人不知道这一点，你不需要臀部手术，不需要注射，或者他们给你的身体服用奇怪的药片，问题可能始于你的女性荷尔蒙。当雌激素下降时，脂肪就不再流向你的曲线，臀大肌变得迟钝，皮肤松弛，你的臀部看起来平坦、下垂、紧绷。因此，这两个关键就是saugreek和saugreek。 Saus 触发器作用于二脯氨酸多巴胺通路来调节女性荷尔蒙信号。胡芦巴提供植物皂苷，使您的身体反应更好，让您的曲线看起来更丰满。当这条路线被激活时，臀大肌就会苏醒，皮肤收紧，臀部开始看起来更圆、更紧致、更翘。这就是为什么我使用 durasno 的 monuegó femeline mitas。高浓度的索斯触发剂和胡芦巴，加上玛卡、野生美洲驼、冬枣、益母草、人参、索棕榈和海带来增强配方。每天只需两颗软糖，十颗之间你就能感觉到臀部发热，就好像你终于醒来一样。 7 天后，您会感觉更饱，感觉到它们开始生长。 30 天内，您的曲线会看起来更圆润、更紧致、更紧致。如果在使用 Montuegó 后，您的杜松子酒继续倒流，我们将退还您的钱。如果您看到橙色购物车，请立即订购，因为当它用完时，价格就会上涨。,es,83s,2026-08-12T08:02:38.403020,success,
7670496684090068232,https://www.tiktok.com/@anker_uk/video/7670496684090068232?lang=en&is_copy_url=1&is_from_webapp=v1,@anker_uk,#aceitedeoregano #detox #guthealth #glowup #tiktokshop ,"Las mujeres mexicanas se van a volver locas después de escuchar esto, pero necesitan saberlo. Y tienes esto, esto, esto, y esto, no es porque eres gorda, sino que tienes altos niveles de cortisol. Si no sabes que es el cortisol, el cortisol es la hormonal de la estrés. Y cuando una persona tiene altos niveles de cortisol, va a cambio y es con el cabello, que a cambio es con la cara, una joroba de bufalo, las se tenen más en tojos de azúcar, no vas a poder dormir bien por la noche y siempre vas a estar cansada. Yo sé de esto porque mi esposa tuvo sus mismos cambios especialmente después de tener nuestro primer bebé. Pero yo ya llevaba como dos o tres meses mirando toda la gente en sexoac hablando de esta cosa super sencillo que ayuda con sus niveles de cortisol. Y esta cosa funciona tan bien, hasta ahora ya se han vendido más de 200 mil unidades. Son las cápsulas de aceite de oregano de la marca Vibonu. A ayudar a lajar el cuerpo para convertir sus alimentos que comamos en energía. A ayudar con el sueño, lo es empezar a tomar también porque yo empecé notar los señales de altos niveles de cortisol en mi cara. Como pueden ver mi cara se mira mucho más uniforme, más cuidado. Esta marca lleva miles y miles de positivos reviews, pero la única cosa que no me gusta esta marca es que siempre se gota en mi rápido. Si las que es ordenar, aquí voy a dejar un botón con el colón naranja, te lo recomiendo bastante.",墨西哥女性听到这个消息后会发疯，但她们需要知道。你有这个、这个、这个、这个，这不是因为你胖，而是因为你的皮质醇水平很高。如果您不知道皮质醇是什么，那么皮质醇就是压力荷尔蒙。当一个人的皮质醇水平很高时，它会与头发进行交换，而头发会与面部、水牛驼背进行交换，它们含有更多的糖金雀花，你将无法在晚上睡个好觉，你总是会感到疲倦。我知道这一点是因为我的妻子也发生了同样的变化，尤其是在生了第一个孩子之后。但我已经观察了所有使用 sexac 的人大约两三个月，谈论这个超级简单的东西可以帮助他们提高皮质醇水平。而且这个东西效果非常好，到目前为止已经售出了超过20万台。它们是 Vibonu 品牌的牛至油胶囊。帮助放松身体，将我们吃的食物转化为能量。为了帮助睡眠，开始服用它也很重要，因为我开始注意到我脸上皮质醇水平高的迹象。正如你所看到的，我的脸看起来更加均匀，更加受到照顾。这个品牌有成千上万的正面评价，但我唯一不喜欢这个品牌的是它总是很快就滴在我身上。如果你想订购，这里我会留下一个带有橙色冒号的按钮，我强烈推荐它。,es,76s,2026-08-12T08:02:49.011348,success,
7655205617006628110,https://www.tiktok.com/@anker_uk/video/7655205617006628110?lang=en&is_copy_url=1&is_from_webapp=v1,@anker_uk,#pimientadecayena #fyp #tiktokshop #vivonu #salud ,"Te lo garantizo, incluso si Athian es intenta anios, incluso si tus artarias es tan tan riquitas como tuberías oxidadas, en tan solo tres días, es a sartarias tuyas que se han en coquido hasta ser tundal gadas como una pahilla, podrían recuperar una mejor circulación y flexibilidad, es una pollo nutricional que actúa desde la base, y solo una semana, mi presión arterial pasó de una larmante ciento no venta, a siento vente, la sensación de pulsación en la parte posterior de la cabeza, y la presión en el pecho, de zapadesciera, imagina por un momento, que las paredes de tus artarias, a stan cubiertas de flacas dudas como fementa, tu corazón se esfuerza al máximo para vambiar sangre, pero es de solo puede pasar por una abertuda del tamaño de la punta de una aguca, por eso pueden aparecer hormigueos en las extremidades, incluso episodios de visión borrosa o maneos, el extracto de cayena y la curcoma, junto con la remolacha, ya y las vitaminas de 3 EK dos, ayúdana mantener una circulación saludable, y apoyan la salud cardiovascular, a demas el extracto de cayena, ayúdá favorecer una circulación activa, y contribuye al funcionamiento normal del corazón, si al usar el tensión metra, no observas cambios que te satisfagan, te ofrethemos una garantía de rembolso total dentro de los primeres cietadillas, actualmente quedan solo a chantifrascos en inventario, y el descuento disponible es el más grande hasta ahora, adclica ahora en el cabrito amarillo de la esquina inferior izquierda, ya aprovecha esto oportunidad.",我向你保证，即使雅典人努力了很多年，即使你的动脉像生锈的管道一样丰富，只要三天的时间，你那煮得粗如帕希拉的萨拉里亚，就能恢复更好的循环和柔韧性，是一只从根本上起作用的营养鸡，仅仅一个星期，我的血压就从可怕的百分百，到了泄气、后脑勺的搏动感、胸部的压力， zapadesciera，想象一下，你的动脉壁上布满了像羊奶酪一样的薄薄的疑虑，你的心脏尽力泵血，但只能通过针尖大小的开口，这就是为什么四肢刺痛，甚至视力模糊或头晕的原因，辣椒和姜黄的提取物，以及甜菜，现在和3 EK 2的维生素，有助于维持健康的循环，和支持心血管健康，另外还有辣椒提取物，有助于促进活跃的循环，有助于心脏的正常运作，如果在使用Metra紧张时，您没有观察到令您满意的变化，我们在最初几天内为您提供全额退款保证，目前库存仅剩几瓶，并且可提供的折扣是迄今为止最大的，现在在左下角的黄山羊中，请抓住这个机会。,es,69s,2026-08-12T08:03:03.212601,success,
7664557945807539476,https://www.tiktok.com/@anker_uk/video/7664557945807539476?lang=en&is_copy_url=1&is_from_webapp=v1,@anker_uk,,,,,,2026-08-12T08:03:06.129778,error,Url parsing is failed! Please check url.
7668578692041346325,https://www.tiktok.com/@anker_uk/video/7668578692041346325?lang=en&is_copy_url=1&is_from_webapp=v1,@anker_uk,"El ritmo cambió por completo.🫢🫢🫢
#VentaVeraniega#VentaQuincenal#tiktoklive #livehighlights ","para hacer esto, pero esta es comprando el TikTok Shop, preciosa y así y no no te pide tu inne, solamente pues tu método de Pago es como cualquier plataforma, la plataforma preciosa y nada más es tu tarjeta, con lo que voy a comprar preciosa puede ser tarjeta digital, también tenemos Pago sentiendas como la OXX, o preciosa va y bueno chicas, aprovechéis que nos vamos en media hora preciosa, así que aprovechen que ya casi nos vamos, le recuerda que tenemos en promo toda nuestra canasta y tamanderina, dice yo, yo sa, preciosa los probióticos, claro que sí ya que los probióticos, yo sa, no es un medicamento tampoco es un multivitamínico, los probióticos es lo mismo que los murgaros, de hecho, estos son familiares de las levaluras y de las bacterias, los probióticos se obtienen de diferentes tipos de fermentos o productos lácteos y dependiendo de la cepa, es el beneficio que le va a traer a nuestro cuerpo, por ejemplo por parte de los probióticos y gestivos que justo esto es que tenemos aquí en el hackyurtumi, se obtienen de vulgaros y de hecho, tras bienes, de que se obtienen de esta cepa de vulgaros preciosas, estos de por aquí son para el sistema digestivo, van a mantener alimentada y lubricada tu flora intestinal, esto, a su vez, va a mantener en equilibrio tu micróbido tan digestiva, lo que hace que tu sistema digestivo funciona optimamente preciosa de manera optima, y justamente esta bienes hostenidad de una insimar digestiva, la insimar digestiva, chicos y chicas, no es luz atsante en ningún producto mágico, la insimar digestiva es una proteína que está desintegrada en particular pequeñas y que está diseñada para descomponer a su vez a su paso justamente en partículas pequeñas, al igual que fue hecho con ella, entonces cuando hablamos de una insimad digestiva, estamos hablando de que estensiva nos va a dar un sostén de movilidad insesina y ya que va a llevar a nuestro cuerpo a que pueda desintegrar los alimentos en partículas más pequeñas, lo que trae beneficios a nuestro cuerpo y a la movilidad intestinal, porque de esta manera podemos empezar una mejor absorción de vitaminas minerales, también justamente chicos y chicas, también presentamos una mejor movilidad porque el el alimento al gestar desintegrado en particular pequeñas se puede sacar más rápido del cuerpo lo que no necesitamos es, entonces el alimento es un gran sustén para la gente que se extrañe, que también presenta el jugo gastricó todo de Lulu, que no puede comer a sus horas que justo comen mucho irritante, preciosos que se implementan después de comer para ustedes es este, los probióticos son dos en ayunas o bueno, nada hay unas más bien para romper el ayuno, tengo esta mala costumbre, para romper el ayuno justo con un licuado un jugo verde, puede ser también con un tecito y ya después imediatamente desayunas, la encima digestiva son dos con sus alimentos, puede ser la comida más pesada, si su comida no es pesada se la cena con la cena y si la comida más pesada es a la hora de la comida pues con la comida o bien si comen muy ligerito una ayuna, una la comida y una en la cena vale, y para eso les va a dar eso en justo este el hallur tumé, recuerden que ya nos vamos en mediatora, así que están en tiempo y forma para resolver sus dudas y también para que sieran el carrito, recuerden que todo el carrito toda canacita mandarina tiene ventas flash el día de hoy, y gracias a Jesi por su compra,",要做到这一点，但这是通过购买 TikTok 商店，珍贵之类的，它不会要求你输入，只是因为你的付款方式就像任何平台一样，珍贵的平台，没有别的就是你的卡，我要买的珍贵的它可以是一张数字卡，我们还有像 OXX 这样的 Pago entiendas，或者珍贵的去，好吧女孩们，利用我们半小时后就要离开的事实 珍贵，所以利用我们快要离开的事实，它提醒您，我们有一整篮子和罗望子在出售，他说我，我知道，美丽的益生菌，当然有，因为益生菌，我知道，不是药物，也不是多种维生素，益生菌与 mugaros 相同，事实上，它们是酵母和细菌的亲戚，益生菌是从不同类型的发酵物或乳制品中获得的，根据菌株的不同，它会给我们的身体带来好处，例如来自益生菌和这正是我们在 hackyurtumi 中所拥有的，它们是从普通菌中获得的，事实上，在商品之后，它们是从这种珍贵的普通菌菌株中获得的，这些是用于消化系统的，它们将使您的肠道菌群得到喂养和润滑，这反过来又将使您的消化微生物保持平衡，从而使您的消化系统达到最佳状态，而正是这种内希玛消化的好处，消化内希玛，男孩和女孩，是在任何神奇的产品中都不是瞬间发光，消化内希玛是一种被分解成特别小的蛋白质，并且被设计成分解成小颗粒，就像用它制成的一样，所以当我们谈论消化内希玛时，我们谈论的是广泛的将为我们提供insesin流动性的支持，因为它将引导我们的身体能够将食物分解成更小的颗粒，这给我们的身体和肠道流动性带来好处，因为这样我们可以开始更好地吸收维生素和矿物质，同样，对于男孩和女孩，我们还提供了更好的流动性，因为怀孕期间分解的食物，特别是小食物，可以更快地从体内排出。给你吃完后实施的是这样的，益生菌是空腹或者好的，没有什么可以开斋的，我有这个坏习惯，开斋就用冰沙一个青汁，也可以配茶，然后立即吃早餐，消化酶是和你的食物一起吃的，它可以是最重的一餐，如果你的食物不重，你可以和晚餐一起吃，如果最重的食物是在吃饭的时候，然后和饭一起吃，或者如果你吃得很饱轻轻地，一顿斋戒，一顿午餐和一顿晚餐就可以了，为此他们将在这个 Hallur tumé 中为您提供，请记住我们已经在 mediatora 出发，因此您有时间和形式来解决您的疑虑，也让他们成为购物车，请记住整个柑橘 canacita 购物车今天有闪购，并感谢 Jesi 的购买，,es,236s,2026-08-12T08:03:33.877433,success,
7669769624430349582,https://www.tiktok.com/@anker_uk/video/7669769624430349582?lang=en&is_copy_url=1&is_from_webapp=v1,@anker_uk,#montue #tiktokmademebuyit #foryou #fyp #ventaquincenal ,"Esto es falta de ve 12, esto es falta de ve 1, esto es falta de ve 5, esto es falta de vitamina C, esto es falta de folato, si ya provaste de todo y nada te ha funcionado, escucha esto. Después de los 40 tu cuerpo ya no aprovecha estas vitaminas de los alimentos igual que antes, y cuando tus nervios no reciben lo que necesitan, el cuerpo empieza a mandar señales, manos dormidas, pies con hormillego, sensación de ardor, cansancio y una mente que reacciona más lento. Pero comprar cada vitamina por separado puede salir muy caro y terminar costándote mucho más. Por eso recomiendo una fórmula líquida completa con ve 12, ve 1, ve 3, ve 5, ve 6, folato y vitamina C. Además, al ser líquido y sublingual es fácil de usar. Sólo necesitas dos gotas de bajo de la lengua al día, para ayudar a apoyar tu sistema nervioso, recuperar tu energía y ayudar a tu cuerpo a volver a sentirse en equilibrio. Ahora escucha bien, los complejos de vitamina B se están volviendo cada vez más populares, así que la calidad realmente importa. Por eso suelen agotarse muy rápido, si todavía ves el lícono naranja de compra significa que aún está disponible.",这是缺乏 VE 12，这是缺乏 VE 1，这是缺乏 VE 5，这是缺乏维生素 C，这是缺乏叶酸，如果您已经尝试了所有方法但没有任何效果，请听听这个。 40岁以后，你的身体不再像以前一样从食物中利用这些维生素，当你的神经得不到所需的东西时，身体就开始发出信号，手睡着了，脚刺痛，烧灼感，疲倦，头脑反应更慢。但单独购买每种维生素可能非常昂贵，最终会花费更多。这就是为什么我推荐含有 ve 12、ve 1、ve 3、ve 5、ve 6、叶酸和维生素 C 的完整液体配方。此外，由于是液体和舌下含服，因此易于使用。您每天只需滴两滴贝斯舌，即可帮助支持您的神经系统、恢复能量并帮助您的身体再次感到平衡。现在仔细听，维生素 B 复合物越来越受欢迎，因此质量非常重要。这就是为什么它们往往很快就会卖完的原因，如果您仍然看到橙色购买图标，则意味着它仍然可用。,es,80s,2026-08-12T08:03:42.526141,success,
7668620579838299413,https://www.tiktok.com/@anker_uk/video/7668620579838299413?lang=en&is_copy_url=1&is_from_webapp=v1,@anker_uk,,,,,,2026-08-12T08:03:45.227847,error,Url parsing is failed! Please check url.
7667155316202573063,https://www.tiktok.com/@anker_uk/video/7667155316202573063?lang=en&is_copy_url=1&is_from_webapp=v1,@anker_uk,#d3k2 #ventaveraniega #vitaminD #vivonu ,"Si tu panza se ve así, toma esto. Si tu papada se ve así, toma esto. No puedes dormir y se te está cayendo el cabello, toma esto. Te la pasas de mal humor sin energía y te tiemla el ojo, toma esto. La gente cree que esto se debe a tener una mala alimentación y falta de ejercicio, pero no se da cuenta que lo más probable es por tener los niveles de cortisol muy elevados. El estrés constante, dormir mal y pensar demasiado, hacen que el cortisol permanezca elevado, y cada vez te resulte más difícil relajarte. Mis recomendaciones pruebas suplementarte con vitamina D3. La vitamina D3 es un elemento clave para ayudar a equilibrar el cortisol. Ayudando a tu cuerpo a frontar mejor el estrés y a sentirse más relajado. Estas cápsulas de vivo no de 3 más cados contienen 180 cápsulas por en base. A diferencia de otros suplementos, este producto está especialmente formulado con aceite de coco, lo que ayuda que el cuerpo absorba mejor los nutrientes. Además, el precio acaba de bajar. No dejes pasar esta oferta y haz clic abajo para conseguir el tuyo.",如果你的肚子是这样的，抓住这个。如果你的双下巴是这样的，就抓住这个吧。你睡不着，头发都在掉，就拿这个吧。你心情不好没力气眼睛发抖，拿这个吧。人们认为这是由于不良饮食和缺乏锻炼造成的，但他们没有意识到这很可能是由于皮质醇水平非常高造成的。持续的压力、睡眠不足和思考太多会导致皮质醇持续升高，让您越来越难以放松。我的建议是尝试补充维生素 D3。维生素 D3 是帮助平衡皮质醇的关键元素。帮助您的身体更好地应对压力并感到更加放松。这 3 个以上的活胶囊每个底座包含 180 个胶囊。与其他补充剂不同，该产品采用椰子油专门配制，有助于身体更好地吸收营养。另外，价格刚刚下降。不要错过此优惠并点击下面获取您的优惠。,es,58s,2026-08-12T08:03:54.591101,success,
7669021759823187221,https://www.tiktok.com/@anker_uk/video/7669021759823187221?lang=en&is_copy_url=1&is_from_webapp=v1,@anker_uk,,,,,,2026-08-12T08:10:22.627861,error,tikwm API failed: 403 Client Error: Forbidden for url: https://www.tikwm.com/api/?url=https%3A%2F%2Fwww.tiktok.com%2F%40anker_uk%2Fvideo%2F7669021759823187221
7664557945807539476,https://www.tiktok.com/@anker_uk/video/7664557945807539476?lang=en&is_copy_url=1&is_from_webapp=v1,@anker_uk,,,,,,2026-08-12T08:10:30.272954,error,tikwm API failed: 403 Client Error: Forbidden for url: https://www.tikwm.com/api/?url=https%3A%2F%2Fwww.tiktok.com%2F%40anker_uk%2Fvideo%2F7664557945807539476
7668620579838299413,https://www.tiktok.com/@anker_uk/video/7668620579838299413?lang=en&is_copy_url=1&is_from_webapp=v1,@anker_uk,,,,,,2026-08-12T08:10:37.921111,error,tikwm API failed: 403 Client Error: Forbidden for url: https://www.tikwm.com/api/?url=https%3A%2F%2Fwww.tiktok.com%2F%40anker_uk%2Fvideo%2F7668620579838299413
7670881171986763038,https://www.tiktok.com/@anker_uk/video/7670881171986763038?lang=en&is_copy_url=1&is_from_webapp=v1,@anker_uk,,,,,,2026-08-12T08:10:45.585816,error,tikwm API failed: 403 Client Error: Forbidden for url: https://www.tikwm.com/api/?url=https%3A%2F%2Fwww.tiktok.com%2F%40anker_uk%2Fvideo%2F7670881171986763038
7669735872723520776,https://www.tiktok.com/@anker_uk/video/7669735872723520776?lang=en&is_copy_url=1&is_from_webapp=v1,@anker_uk,,,,,,2026-08-12T08:10:53.231680,error,tikwm API failed: 403 Client Error: Forbidden for url: https://www.tikwm.com/api/?url=https%3A%2F%2Fwww.tiktok.com%2F%40anker_uk%2Fvideo%2F7669735872723520776
7670130748359331079,https://www.tiktok.com/@anker_uk/video/7670130748359331079?lang=en&is_copy_url=1&is_from_webapp=v1,@anker_uk,,,,,,2026-08-12T08:11:00.878313,error,tikwm API failed: 403 Client Error: Forbidden for url: https://www.tikwm.com/api/?url=https%3A%2F%2Fwww.tiktok.com%2F%40anker_uk%2Fvideo%2F7670130748359331079
7670885607161335071,https://www.tiktok.com/@anker_uk/video/7670885607161335071?lang=en&is_copy_url=1&is_from_webapp=v1,@anker_uk,,,,,,2026-08-12T08:11:08.526451,error,tikwm API failed: 403 Client Error: Forbidden for url: https://www.tikwm.com/api/?url=https%3A%2F%2Fwww.tiktok.com%2F%40anker_uk%2Fvideo%2F7670885607161335071
7670477975812377870,https://www.tiktok.com/@anker_uk/video/7670477975812377870?lang=en&is_copy_url=1&is_from_webapp=v1,@anker_uk,,,,,,2026-08-12T08:11:16.169975,error,tikwm API failed: 403 Client Error: Forbidden for url: https://www.tikwm.com/api/?url=https%3A%2F%2Fwww.tiktok.com%2F%40anker_uk%2Fvideo%2F7670477975812377870
7670477975812377870,https://www.tiktok.com/@anker_uk/video/7670477975812377870?lang=en&is_copy_url=1&is_from_webapp=v1,@anker_uk,,,,,,2026-08-12T08:11:16.169975,error,tikwm API failed: 403 Client Error: Forbidden for url: https://www.tikwm.com/api/?url=https%3A%2F%2Fwww.tiktok.com%2F%40anker_uk%2Fvideo%2F7670477975812377870
7665338675856690445,https://www.tiktok.com/@anker_uk/video/7665338675856690445?lang=en&is_copy_url=1&is_from_webapp=v1,@anker_uk,,,,,,2026-08-12T08:11:23.814524,error,tikwm API failed: 403 Client Error: Forbidden for url: https://www.tikwm.com/api/?url=https%3A%2F%2Fwww.tiktok.com%2F%40anker_uk%2Fvideo%2F7665338675856690445
7668892380812234005,https://www.tiktok.com/@anker_uk/video/7668892380812234005?lang=en&is_copy_url=1&is_from_webapp=v1,@anker_uk,,,,,,2026-08-12T08:11:31.461284,error,tikwm API failed: 403 Client Error: Forbidden for url: https://www.tikwm.com/api/?url=https%3A%2F%2Fwww.tiktok.com%2F%40anker_uk%2Fvideo%2F7668892380812234005
7668892380812234005,https://www.tiktok.com/@anker_uk/video/7668892380812234005?lang=en&is_copy_url=1&is_from_webapp=v1,@anker_uk,,,,,,2026-08-12T08:11:31.461284,error,tikwm API failed: 403 Client Error: Forbidden for url: https://www.tikwm.com/api/?url=https%3A%2F%2Fwww.tiktok.com%2F%40anker_uk%2Fvideo%2F7668892380812234005
7670477975812377870,https://www.tiktok.com/@anker_uk/video/7670477975812377870?lang=en&is_copy_url=1&is_from_webapp=v1,@anker_uk,,,,,,2026-08-12T08:11:16.169975,error,tikwm API failed: 403 Client Error: Forbidden for url: https://www.tikwm.com/api/?url=https%3A%2F%2Fwww.tiktok.com%2F%40anker_uk%2Fvideo%2F7670477975812377870
7668892380812234005,https://www.tiktok.com/@anker_uk/video/7668892380812234005?lang=en&is_copy_url=1&is_from_webapp=v1,@anker_uk,,,,,,2026-08-12T08:11:31.461284,error,tikwm API failed: 403 Client Error: Forbidden for url: https://www.tikwm.com/api/?url=https%3A%2F%2Fwww.tiktok.com%2F%40anker_uk%2Fvideo%2F7668892380812234005
7669021759823187221,https://www.tiktok.com/@anker_uk/video/7669021759823187221?lang=en&is_copy_url=1&is_from_webapp=v1,@anker_uk,,,,,,2026-08-12T11:13:16.716757,error,Url parsing is failed! Please check url.
7664557945807539476,https://www.tiktok.com/@anker_uk/video/7664557945807539476?lang=en&is_copy_url=1&is_from_webapp=v1,@anker_uk,,,,,,2026-08-12T11:13:19.560233,error,Url parsing is failed! Please check url.
7668620579838299413,https://www.tiktok.com/@anker_uk/video/7668620579838299413?lang=en&is_copy_url=1&is_from_webapp=v1,@anker_uk,,,,,,2026-08-12T11:13:22.472550,error,Url parsing is failed! Please check url.
7670881171986763038,https://www.tiktok.com/@anker_uk/video/7670881171986763038?lang=en&is_copy_url=1&is_from_webapp=v1,@anker_uk,,"Al principio yo tampoco lo creía, pero si lo tomas todas las noches antes de dormir, al despertar sentirás que tu circulación se reactiva por completo. Es una sensación como si liberarás toda la presión acumulada de la semana, incluso para esa magia. Todo esto es gracias al bombardeo de flujos sanguíneo, concentrado de elearginina y el esitrulina. Esta poderosa mezcla ayuda a despertar tu sistema circulatorio, hace que todo fluya mejor dentro de tu cuerpo, elimina impuresas y le proporciona a tu organismo, el oxígeno que tanto necesita. Es hora de reactivar tu circulación, no esperes a que tu cuerpo te avise de forma extrema, solo que eran dos de unidades en stock, y normalmente se agotan muy rápido, entra ahora mismo y mira si todavía puedes conseguir el tuyo.",起初我也不相信，但是如果你每天晚上睡觉前服用，当你醒来时你会感觉你的循环完全重新激活了。感觉就像你将释放本周所有压抑的压力，即使是为了那个魔法。这一切都要归功于血流、浓缩的麦角木碱和艾曲林的轰击。这种强大的混合物有助于唤醒您的循环系统，使体内的一切更好地流动，消除杂质并为您的身体提供所需的氧气。是时候重新激活你的血液循环了，不要等你的身体以极端的方式警告你，只是有两件库存，而且通常很快就卖完了，现在就进来看看是否还能买到你的。,es,38s,2026-08-12T11:13:33.346971,success,
7669735872723520776,https://www.tiktok.com/@anker_uk/video/7669735872723520776?lang=en&is_copy_url=1&is_from_webapp=v1,@anker_uk,#fyp #ventaveraniega #tiktok #health #tiktokshop ,"Toma dos cápsulas antes de acostarte, esto ayuda a que tu cuerpo funciona mejor, no te preocupes, puedes seguir comiendo lo que quieras, si sientes que los cambios llegan demasiado rápido, toma una cápsula al día, si deseas obtener resultados más rápidos, puedes tomar dos cápsulas al día, pero te he cuidado, aunque es un producto muy eficaz, no debes exceder la dosis recomendada. De lo contrario, los cambios podrían ser tan notorios que las personas a tu alrededor podrían tener dificultades para reconocerte. Estas cápsulas para el sistema infático están diseñadas para apoyar la salud intestinal, favorecen la digestión y son ideales para personas con incha son abdominal, si no sabes cómo utilizarlas, simplemente haz clic en el enlace de abajo y pruebas.",睡前服用两粒，这有助于你的身体机能更好，不用担心，你可以继续吃任何你想吃的东西，如果你觉得变化来得太快，每天服用一粒，如果你想得到更快的结果，你可以每天服用两粒，但是我照顾了你，虽然它是一个非常有效的产品，但你不应该超过推荐剂量。否则，这些变化可能会非常明显，以至于您周围的人可能很难认出您。这些针对淋巴系统的胶囊旨在支持肠道健康、促进消化，是腹痛患者的理想选择。如果您不知道如何使用它们，只需单击下面的链接并尝试一下。,es,38s,2026-08-12T11:13:38.685743,success,
7670130748359331079,https://www.tiktok.com/@anker_uk/video/7670130748359331079?lang=en&is_copy_url=1&is_from_webapp=v1,@anker_uk,#detox #guthealth #oregano #metabolismo #sobrecargo ,"La primera semana, empezará a satirarte más gases de lo habitual y asudar como loco. Eso es tu hígado trabajando a todo motor, eliminando décadas de desechos acumulados. Para el día 15, te sorprenderás frente al espejo, porque los pantalones te quedarán mucho más flujos. Tu bien tre estará más plano y notarás que se te cae mucho menos el cabello. En menos de 30 días tu piel estará radiante y tu energía volverá al nivel de cuando tenía 18 años. Te sentirás inquietos y no encuentras algo que hacer. Esta es la razón por la que se ha vuelto viral tan rápidamente en TikTok. Pero tienes que actuar rápido. Ahora mismo hay una oferta por tiempo limitado, haz clic en el carrito naranja de abajo. Para ver la oferta y realizar tu compra. Una vez que termine la oferta, el precio podría volver a subir, así que no dejes pasar esta oportunidad.",第一周，您会开始感到比平时更多的气体，并且疯狂出汗。这就是您的肝脏全速工作，消除数十年积累的废物。到了15号，你会对镜子前的自己感到惊讶，因为你的裤子会更加合身。您的头发会变得更平坦，并且您会发现头发脱落的情况会少得多。不到 30 天，您的皮肤就会容光焕发，您的精力将恢复到 18 岁时的水平。你会感到焦躁不安，找不到任何事可做。这就是它在 TikTok 上如此迅速传播的原因。但你必须快速行动。现在有限时优惠，请点击下面的橙色购物车。查看报价并进行购买。优惠结束后，价格可能会再次上涨，所以不要错过这个机会。,es,43s,2026-08-12T11:13:47.590651,success,
7670885607161335071,https://www.tiktok.com/@anker_uk/video/7670885607161335071?lang=en&is_copy_url=1&is_from_webapp=v1,@anker_uk,#montue #foryou #tiktokmademebuyit #health #ventaquincenal ,"Si cada noche tu esposo ya no quiere tocarte, si dice que tus pompices están muy pequeñas y no sientenada, o si por eso ya empezó a buscar a otra mujer, escuchame bien, no es tu culpa. La mayoría no sabe esto, no necesitas cirugía de glúteos, no necesitas inyecciones, ni pastillas raras que dañen tu cuerpo. El problema puede empezar en tus hormonas femeninas, cuando el estrógeno baja, la grasa deja de irse a tus curvas. El glúteo mayor se apaga, la piel se afloja y tus pompices se ven planas, caídas y cindida. Por eso, las dos claves son, saus gatillo y fenogreco. El saus gatillo trabaja la ruta dopamina de dos a pro-lactina para ordenar la señal hormonal femenina. El fenogreco aportas aponinas vegetales para que tu cuerpo responda mejor y tus curvas se vean más llenas. Cuando esa ruta se activa, el glúteo mayor despierta, la piel se tensa y las pompices empiezan a verse más regondas, firmes y levantadas. Por eso uso montuegomitas femeninas de durasno. Alta concentración de saus gatillo y fenogreco, más maca, ni a mis ilvestre, donquai, agripalma, ginseng, saupalmeto y kelp para potenciar la fórmula. Solo una dos guamitas al día, en tres días puedes sentir calor en las pompias, como si por fin estuvieran despertando. En siete días puedes sentir las más llenitas, con esa sensación de que empiezan a crecer. En 30 días tus curvas pueden verse más redondas, más firmes y más levantadas. Si después de usar montuegomitas, siguen flujos de atrás, te devolvemos dinero. Si ves el carrito naranja y de lo ahora, porque cuando se acabe, el precio sube.",如果你的丈夫每天晚上不再想碰你，如果他说你的屁股太小，没有感觉，或者如果这就是他已经开始寻找另一个女人的原因，请仔细听我说，这不是你的错。大多数人不知道这一点，你不需要进行臀部手术，不需要注射，或者伤害你身体的奇怪药物。问题可能始于你的女性荷尔蒙，当雌激素下降时，脂肪就会停止流向你的曲线。臀大肌变暗，皮肤松弛，臀部看起来平坦、下垂、紧绷。因此，这两个关键是saugreek和葫芦巴。 Saus 触发器作用于多巴胺二至催乳素通路，以调节女性荷尔蒙信号。胡芦巴提供植物皂苷，使您的身体反应更好，让您的曲线看起来更丰满。当这条路线被激活时，臀大肌就会苏醒，皮肤收紧，臀部开始看起来更丰满、更紧致、更挺拔。这就是为什么我使用女性化的 durasno montuegomites。高浓度的索斯触发器和胡芦巴，加上玛卡，也不是我的野花，唐奎，益母草，人参，索棕榈和海带来增强配方。每天只需一两瓜米塔，三天后你就能感觉到臀部发热，仿佛终于醒来了。 7 天后，您会感到更饱，感觉它们开始生长。 30 天内，您的曲线会看起来更圆润、更紧致、更紧致。如果使用 Montuegomitas 后，回流继续存在，我们将退还您的钱。如果您看到橙色购物车并立即购买，因为当它用完时，价格就会上涨。,es,83s,2026-08-12T11:14:02.614507,success,
7670477975812377870,https://www.tiktok.com/@anker_uk/video/7670477975812377870?lang=en&is_copy_url=1&is_from_webapp=v1,@anker_uk,,,,,,2026-08-12T11:14:05.381847,error,Url parsing is failed! Please check url.
7670477975812377870,https://www.tiktok.com/@anker_uk/video/7670477975812377870?lang=en&is_copy_url=1&is_from_webapp=v1,@anker_uk,,,,,,2026-08-12T11:14:05.381847,error,Url parsing is failed! Please check url.
7665338675856690445,https://www.tiktok.com/@anker_uk/video/7665338675856690445?lang=en&is_copy_url=1&is_from_webapp=v1,@anker_uk,,,,,,2026-08-12T11:14:08.839234,error,Url parsing is failed! Please check url.
7668892380812234005,https://www.tiktok.com/@anker_uk/video/7668892380812234005?lang=en&is_copy_url=1&is_from_webapp=v1,@anker_uk,,,,,,2026-08-12T11:14:11.675942,error,Url parsing is failed! Please check url.
7668892380812234005,https://www.tiktok.com/@anker_uk/video/7668892380812234005?lang=en&is_copy_url=1&is_from_webapp=v1,@anker_uk,,,,,,2026-08-12T11:14:11.675942,error,Url parsing is failed! Please check url.
7670477975812377870,https://www.tiktok.com/@anker_uk/video/7670477975812377870?lang=en&is_copy_url=1&is_from_webapp=v1,@anker_uk,,,,,,2026-08-12T11:14:05.381847,error,Url parsing is failed! Please check url.
7668892380812234005,https://www.tiktok.com/@anker_uk/video/7668892380812234005?lang=en&is_copy_url=1&is_from_webapp=v1,@anker_uk,,,,,,2026-08-12T11:14:11.675942,error,Url parsing is failed! Please check url.
7669021759823187221,https://www.tiktok.com/@anker_uk/video/7669021759823187221?lang=en&is_copy_url=1&is_from_webapp=v1,@anker_uk,,,,,,2026-08-12T14:46:43.133251,error,tikwm API failed: 403 Client Error: Forbidden for url: https://www.tikwm.com/api/?url=https%3A%2F%2Fwww.tiktok.com%2F%40anker_uk%2Fvideo%2F7669021759823187221
7664557945807539476,https://www.tiktok.com/@anker_uk/video/7664557945807539476?lang=en&is_copy_url=1&is_from_webapp=v1,@anker_uk,,,,,,2026-08-12T14:46:50.708865,error,tikwm API failed: 403 Client Error: Forbidden for url: https://www.tikwm.com/api/?url=https%3A%2F%2Fwww.tiktok.com%2F%40anker_uk%2Fvideo%2F7664557945807539476
7668620579838299413,https://www.tiktok.com/@anker_uk/video/7668620579838299413?lang=en&is_copy_url=1&is_from_webapp=v1,@anker_uk,,,,,,2026-08-12T14:46:58.278596,error,tikwm API failed: 403 Client Error: Forbidden for url: https://www.tikwm.com/api/?url=https%3A%2F%2Fwww.tiktok.com%2F%40anker_uk%2Fvideo%2F7668620579838299413
7670477975812377870,https://www.tiktok.com/@anker_uk/video/7670477975812377870?lang=en&is_copy_url=1&is_from_webapp=v1,@anker_uk,,,,,,2026-08-12T14:47:05.853046,error,tikwm API failed: 403 Client Error: Forbidden for url: https://www.tikwm.com/api/?url=https%3A%2F%2Fwww.tiktok.com%2F%40anker_uk%2Fvideo%2F7670477975812377870
7670477975812377870,https://www.tiktok.com/@anker_uk/video/7670477975812377870?lang=en&is_copy_url=1&is_from_webapp=v1,@anker_uk,,,,,,2026-08-12T14:47:05.853046,error,tikwm API failed: 403 Client Error: Forbidden for url: https://www.tikwm.com/api/?url=https%3A%2F%2Fwww.tiktok.com%2F%40anker_uk%2Fvideo%2F7670477975812377870
7665338675856690445,https://www.tiktok.com/@anker_uk/video/7665338675856690445?lang=en&is_copy_url=1&is_from_webapp=v1,@anker_uk,,,,,,2026-08-12T14:47:13.426248,error,tikwm API failed: 403 Client Error: Forbidden for url: https://www.tikwm.com/api/?url=https%3A%2F%2Fwww.tiktok.com%2F%40anker_uk%2Fvideo%2F7665338675856690445
7668892380812234005,https://www.tiktok.com/@anker_uk/video/7668892380812234005?lang=en&is_copy_url=1&is_from_webapp=v1,@anker_uk,,,,,,2026-08-12T14:47:21.219823,error,tikwm API failed: 403 Client Error: Forbidden for url: https://www.tikwm.com/api/?url=https%3A%2F%2Fwww.tiktok.com%2F%40anker_uk%2Fvideo%2F7668892380812234005
7668892380812234005,https://www.tiktok.com/@anker_uk/video/7668892380812234005?lang=en&is_copy_url=1&is_from_webapp=v1,@anker_uk,,,,,,2026-08-12T14:47:21.219823,error,tikwm API failed: 403 Client Error: Forbidden for url: https://www.tikwm.com/api/?url=https%3A%2F%2Fwww.tiktok.com%2F%40anker_uk%2Fvideo%2F7668892380812234005
7670477975812377870,https://www.tiktok.com/@anker_uk/video/7670477975812377870?lang=en&is_copy_url=1&is_from_webapp=v1,@anker_uk,,,,,,2026-08-12T14:47:05.853046,error,tikwm API failed: 403 Client Error: Forbidden for url: https://www.tikwm.com/api/?url=https%3A%2F%2Fwww.tiktok.com%2F%40anker_uk%2Fvideo%2F7670477975812377870
7668892380812234005,https://www.tiktok.com/@anker_uk/video/7668892380812234005?lang=en&is_copy_url=1&is_from_webapp=v1,@anker_uk,,,,,,2026-08-12T14:47:21.219823,error,tikwm API failed: 403 Client Error: Forbidden for url: https://www.tikwm.com/api/?url=https%3A%2F%2Fwww.tiktok.com%2F%40anker_uk%2Fvideo%2F7668892380812234005
7669021759823187221,https://www.tiktok.com/@anker_uk/video/7669021759823187221?lang=en&is_copy_url=1&is_from_webapp=v1,@anker_uk,,,,,,2026-08-12T18:06:51.734765,error,tikwm API failed: 403 Client Error: Forbidden for url: https://www.tikwm.com/api/?url=https%3A%2F%2Fwww.tiktok.com%2F%40anker_uk%2Fvideo%2F7669021759823187221
7664557945807539476,https://www.tiktok.com/@anker_uk/video/7664557945807539476?lang=en&is_copy_url=1&is_from_webapp=v1,@anker_uk,,,,,,2026-08-12T18:06:59.461434,error,tikwm API failed: 403 Client Error: Forbidden for url: https://www.tikwm.com/api/?url=https%3A%2F%2Fwww.tiktok.com%2F%40anker_uk%2Fvideo%2F7664557945807539476
7668620579838299413,https://www.tiktok.com/@anker_uk/video/7668620579838299413?lang=en&is_copy_url=1&is_from_webapp=v1,@anker_uk,,,,,,2026-08-12T18:07:07.193791,error,tikwm API failed: 403 Client Error: Forbidden for url: https://www.tikwm.com/api/?url=https%3A%2F%2Fwww.tiktok.com%2F%40anker_uk%2Fvideo%2F7668620579838299413
7670477975812377870,https://www.tiktok.com/@anker_uk/video/7670477975812377870?lang=en&is_copy_url=1&is_from_webapp=v1,@anker_uk,,,,,,2026-08-12T18:07:14.926198,error,tikwm API failed: 403 Client Error: Forbidden for url: https://www.tikwm.com/api/?url=https%3A%2F%2Fwww.tiktok.com%2F%40anker_uk%2Fvideo%2F7670477975812377870
7670477975812377870,https://www.tiktok.com/@anker_uk/video/7670477975812377870?lang=en&is_copy_url=1&is_from_webapp=v1,@anker_uk,,,,,,2026-08-12T18:07:14.926198,error,tikwm API failed: 403 Client Error: Forbidden for url: https://www.tikwm.com/api/?url=https%3A%2F%2Fwww.tiktok.com%2F%40anker_uk%2Fvideo%2F7670477975812377870
7665338675856690445,https://www.tiktok.com/@anker_uk/video/7665338675856690445?lang=en&is_copy_url=1&is_from_webapp=v1,@anker_uk,,,,,,2026-08-12T18:07:22.656214,error,tikwm API failed: 403 Client Error: Forbidden for url: https://www.tikwm.com/api/?url=https%3A%2F%2Fwww.tiktok.com%2F%40anker_uk%2Fvideo%2F7665338675856690445
7668892380812234005,https://www.tiktok.com/@anker_uk/video/7668892380812234005?lang=en&is_copy_url=1&is_from_webapp=v1,@anker_uk,,,,,,2026-08-12T18:07:30.387622,error,tikwm API failed: 403 Client Error: Forbidden for url: https://www.tikwm.com/api/?url=https%3A%2F%2Fwww.tiktok.com%2F%40anker_uk%2Fvideo%2F7668892380812234005
7668892380812234005,https://www.tiktok.com/@anker_uk/video/7668892380812234005?lang=en&is_copy_url=1&is_from_webapp=v1,@anker_uk,,,,,,2026-08-12T18:07:30.387622,error,tikwm API failed: 403 Client Error: Forbidden for url: https://www.tikwm.com/api/?url=https%3A%2F%2Fwww.tiktok.com%2F%40anker_uk%2Fvideo%2F7668892380812234005
7670477975812377870,https://www.tiktok.com/@anker_uk/video/7670477975812377870?lang=en&is_copy_url=1&is_from_webapp=v1,@anker_uk,,,,,,2026-08-12T18:07:14.926198,error,tikwm API failed: 403 Client Error: Forbidden for url: https://www.tikwm.com/api/?url=https%3A%2F%2Fwww.tiktok.com%2F%40anker_uk%2Fvideo%2F7670477975812377870
7668892380812234005,https://www.tiktok.com/@anker_uk/video/7668892380812234005?lang=en&is_copy_url=1&is_from_webapp=v1,@anker_uk,,,,,,2026-08-12T18:07:30.387622,error,tikwm API failed: 403 Client Error: Forbidden for url: https://www.tikwm.com/api/?url=https%3A%2F%2Fwww.tiktok.com%2F%40anker_uk%2Fvideo%2F7668892380812234005
7669021759823187221,https://www.tiktok.com/@anker_uk/video/7669021759823187221?lang=en&is_copy_url=1&is_from_webapp=v1,@anker_uk,,,,,,2026-08-12T20:23:10.025048,error,tikwm API failed: 403 Client Error: Forbidden for url: https://www.tikwm.com/api/?url=https%3A%2F%2Fwww.tiktok.com%2F%40anker_uk%2Fvideo%2F7669021759823187221
7664557945807539476,https://www.tiktok.com/@anker_uk/video/7664557945807539476?lang=en&is_copy_url=1&is_from_webapp=v1,@anker_uk,,,,,,2026-08-12T20:23:17.579254,error,tikwm API failed: 403 Client Error: Forbidden for url: https://www.tikwm.com/api/?url=https%3A%2F%2Fwww.tiktok.com%2F%40anker_uk%2Fvideo%2F7664557945807539476
7668620579838299413,https://www.tiktok.com/@anker_uk/video/7668620579838299413?lang=en&is_copy_url=1&is_from_webapp=v1,@anker_uk,,,,,,2026-08-12T20:23:25.135003,error,tikwm API failed: 403 Client Error: Forbidden for url: https://www.tikwm.com/api/?url=https%3A%2F%2Fwww.tiktok.com%2F%40anker_uk%2Fvideo%2F7668620579838299413
7670477975812377870,https://www.tiktok.com/@anker_uk/video/7670477975812377870?lang=en&is_copy_url=1&is_from_webapp=v1,@anker_uk,,,,,,2026-08-12T20:23:32.693409,error,tikwm API failed: 403 Client Error: Forbidden for url: https://www.tikwm.com/api/?url=https%3A%2F%2Fwww.tiktok.com%2F%40anker_uk%2Fvideo%2F7670477975812377870
7670477975812377870,https://www.tiktok.com/@anker_uk/video/7670477975812377870?lang=en&is_copy_url=1&is_from_webapp=v1,@anker_uk,,,,,,2026-08-12T20:23:32.693409,error,tikwm API failed: 403 Client Error: Forbidden for url: https://www.tikwm.com/api/?url=https%3A%2F%2Fwww.tiktok.com%2F%40anker_uk%2Fvideo%2F7670477975812377870
7665338675856690445,https://www.tiktok.com/@anker_uk/video/7665338675856690445?lang=en&is_copy_url=1&is_from_webapp=v1,@anker_uk,,,,,,2026-08-12T20:23:40.251835,error,tikwm API failed: 403 Client Error: Forbidden for url: https://www.tikwm.com/api/?url=https%3A%2F%2Fwww.tiktok.com%2F%40anker_uk%2Fvideo%2F7665338675856690445
7668892380812234005,https://www.tiktok.com/@anker_uk/video/7668892380812234005?lang=en&is_copy_url=1&is_from_webapp=v1,@anker_uk,,,,,,2026-08-12T20:23:47.807673,error,tikwm API failed: 403 Client Error: Forbidden for url: https://www.tikwm.com/api/?url=https%3A%2F%2Fwww.tiktok.com%2F%40anker_uk%2Fvideo%2F7668892380812234005
7668892380812234005,https://www.tiktok.com/@anker_uk/video/7668892380812234005?lang=en&is_copy_url=1&is_from_webapp=v1,@anker_uk,,,,,,2026-08-12T20:23:47.807673,error,tikwm API failed: 403 Client Error: Forbidden for url: https://www.tikwm.com/api/?url=https%3A%2F%2Fwww.tiktok.com%2F%40anker_uk%2Fvideo%2F7668892380812234005
7670477975812377870,https://www.tiktok.com/@anker_uk/video/7670477975812377870?lang=en&is_copy_url=1&is_from_webapp=v1,@anker_uk,,,,,,2026-08-12T20:23:32.693409,error,tikwm API failed: 403 Client Error: Forbidden for url: https://www.tikwm.com/api/?url=https%3A%2F%2Fwww.tiktok.com%2F%40anker_uk%2Fvideo%2F7670477975812377870
7668892380812234005,https://www.tiktok.com/@anker_uk/video/7668892380812234005?lang=en&is_copy_url=1&is_from_webapp=v1,@anker_uk,,,,,,2026-08-12T20:23:47.807673,error,tikwm API failed: 403 Client Error: Forbidden for url: https://www.tikwm.com/api/?url=https%3A%2F%2Fwww.tiktok.com%2F%40anker_uk%2Fvideo%2F7668892380812234005
7669021759823187221,https://www.tiktok.com/@anker_uk/video/7669021759823187221?lang=en&is_copy_url=1&is_from_webapp=v1,@anker_uk,,,,,,2026-08-12T22:26:39.471557,error,Url parsing is failed! Please check url.
7664557945807539476,https://www.tiktok.com/@anker_uk/video/7664557945807539476?lang=en&is_copy_url=1&is_from_webapp=v1,@anker_uk,,,,,,2026-08-12T22:26:42.572213,error,Url parsing is failed! Please check url.
7668620579838299413,https://www.tiktok.com/@anker_uk/video/7668620579838299413?lang=en&is_copy_url=1&is_from_webapp=v1,@anker_uk,,,,,,2026-08-12T22:26:45.591910,error,Url parsing is failed! Please check url.
7670477975812377870,https://www.tiktok.com/@anker_uk/video/7670477975812377870?lang=en&is_copy_url=1&is_from_webapp=v1,@anker_uk,,,,,,2026-08-12T22:26:48.900709,error,Url parsing is failed! Please check url.
7670477975812377870,https://www.tiktok.com/@anker_uk/video/7670477975812377870?lang=en&is_copy_url=1&is_from_webapp=v1,@anker_uk,,,,,,2026-08-12T22:26:48.900709,error,Url parsing is failed! Please check url.
7665338675856690445,https://www.tiktok.com/@anker_uk/video/7665338675856690445?lang=en&is_copy_url=1&is_from_webapp=v1,@anker_uk,,,,,,2026-08-12T22:26:52.515714,error,Url parsing is failed! Please check url.
7668892380812234005,https://www.tiktok.com/@anker_uk/video/7668892380812234005?lang=en&is_copy_url=1&is_from_webapp=v1,@anker_uk,,,,,,2026-08-12T22:26:55.920414,error,Url parsing is failed! Please check url.
7668892380812234005,https://www.tiktok.com/@anker_uk/video/7668892380812234005?lang=en&is_copy_url=1&is_from_webapp=v1,@anker_uk,,,,,,2026-08-12T22:26:55.920414,error,Url parsing is failed! Please check url.
7670477975812377870,https://www.tiktok.com/@anker_uk/video/7670477975812377870?lang=en&is_copy_url=1&is_from_webapp=v1,@anker_uk,,,,,,2026-08-12T22:26:48.900709,error,Url parsing is failed! Please check url.
7668892380812234005,https://www.tiktok.com/@anker_uk/video/7668892380812234005?lang=en&is_copy_url=1&is_from_webapp=v1,@anker_uk,,,,,,2026-08-12T22:26:55.920414,error,Url parsing is failed! Please check url.
7669021759823187221,https://www.tiktok.com/@anker_uk/video/7669021759823187221?lang=en&is_copy_url=1&is_from_webapp=v1,@anker_uk,,[unavailable] ⚠️ 视频已删除或不可用,[unavailable] ⚠️ 视频已删除或不可用,,,2026-08-13T01:26:06.837929,deleted,video unavailable: deleted (status 0)
7664557945807539476,https://www.tiktok.com/@anker_uk/video/7664557945807539476?lang=en&is_copy_url=1&is_from_webapp=v1,@anker_uk,,[unavailable] ⚠️ 暗帖/广告帖，TikTok限制无法提取,[unavailable] ⚠️ 暗帖/广告帖，TikTok限制无法提取,,,2026-08-13T01:26:14.869521,dark_post,video unavailable: dark_post (status 10240)
7668620579838299413,https://www.tiktok.com/@anker_uk/video/7668620579838299413?lang=en&is_copy_url=1&is_from_webapp=v1,@anker_uk,,[unavailable] ⚠️ 暗帖/广告帖，TikTok限制无法提取,[unavailable] ⚠️ 暗帖/广告帖，TikTok限制无法提取,,,2026-08-13T01:26:22.845556,dark_post,video unavailable: dark_post (status 10240)
7670477975812377870,https://www.tiktok.com/@anker_uk/video/7670477975812377870?lang=en&is_copy_url=1&is_from_webapp=v1,@anker_uk,,[unavailable] ⚠️ 暗帖/广告帖，TikTok限制无法提取,[unavailable] ⚠️ 暗帖/广告帖，TikTok限制无法提取,,,2026-08-13T01:26:30.834627,dark_post,video unavailable: dark_post (status 10240)
7670477975812377870,https://www.tiktok.com/@anker_uk/video/7670477975812377870?lang=en&is_copy_url=1&is_from_webapp=v1,@anker_uk,,[unavailable] ⚠️ 暗帖/广告帖，TikTok限制无法提取,[unavailable] ⚠️ 暗帖/广告帖，TikTok限制无法提取,,,2026-08-13T01:26:30.834627,dark_post,video unavailable: dark_post (status 10240)
7665338675856690445,https://www.tiktok.com/@anker_uk/video/7665338675856690445?lang=en&is_copy_url=1&is_from_webapp=v1,@anker_uk,,,,,,2026-08-13T01:26:38.793770,error,video under review (status 10204)
7668892380812234005,https://www.tiktok.com/@anker_uk/video/7668892380812234005?lang=en&is_copy_url=1&is_from_webapp=v1,@anker_uk,,[unavailable] ⚠️ 暗帖/广告帖，TikTok限制无法提取,[unavailable] ⚠️ 暗帖/广告帖，TikTok限制无法提取,,,2026-08-13T01:26:46.808790,dark_post,video unavailable: dark_post (status 10240)
7668892380812234005,https://www.tiktok.com/@anker_uk/video/7668892380812234005?lang=en&is_copy_url=1&is_from_webapp=v1,@anker_uk,,[unavailable] ⚠️ 暗帖/广告帖，TikTok限制无法提取,[unavailable] ⚠️ 暗帖/广告帖，TikTok限制无法提取,,,2026-08-13T01:26:46.808790,dark_post,video unavailable: dark_post (status 10240)
7670477975812377870,https://www.tiktok.com/@anker_uk/video/7670477975812377870?lang=en&is_copy_url=1&is_from_webapp=v1,@anker_uk,,[unavailable] ⚠️ 暗帖/广告帖，TikTok限制无法提取,[unavailable] ⚠️ 暗帖/广告帖，TikTok限制无法提取,,,2026-08-13T01:26:30.834627,dark_post,video unavailable: dark_post (status 10240)
7668892380812234005,https://www.tiktok.com/@anker_uk/video/7668892380812234005?lang=en&is_copy_url=1&is_from_webapp=v1,@anker_uk,,[unavailable] ⚠️ 暗帖/广告帖，TikTok限制无法提取,[unavailable] ⚠️ 暗帖/广告帖，TikTok限制无法提取,,,2026-08-13T01:26:46.808790,dark_post,video unavailable: dark_post (status 10240)
7665338675856690445,https://www.tiktok.com/@anker_uk/video/7665338675856690445?lang=en&is_copy_url=1&is_from_webapp=v1,@anker_uk,,,,,,2026-08-13T01:57:48.369010,error,video under review (status 10204)
7665214060249533710,https://www.tiktok.com/@anker_uk/video/7665214060249533710?lang=en&is_copy_url=1&is_from_webapp=v1,@anker_uk,,[unavailable] ⚠️ 视频已删除或不可用,[unavailable] ⚠️ 视频已删除或不可用,,,2026-08-13T01:57:56.287740,deleted,video unavailable: deleted (status 0)
7667899936138169613,https://www.tiktok.com/@anker_uk/video/7667899936138169613?lang=en&is_copy_url=1&is_from_webapp=v1,@anker_uk,,[unavailable] ⚠️ 视频已删除或不可用,[unavailable] ⚠️ 视频已删除或不可用,,,2026-08-13T01:58:04.469213,deleted,video unavailable: deleted (status -1)
7668281207544728845,https://www.tiktok.com/@anker_uk/video/7668281207544728845?lang=en&is_copy_url=1&is_from_webapp=v1,@anker_uk,,[unavailable] ⚠️ 视频已删除或不可用,[unavailable] ⚠️ 视频已删除或不可用,,,2026-08-13T01:58:12.446581,deleted,video unavailable: deleted (status 0)
7670161354082225439,https://www.tiktok.com/@anker_uk/video/7670161354082225439?lang=en&is_copy_url=1&is_from_webapp=v1,@anker_uk,,[unavailable] ⚠️ 视频已删除或不可用,[unavailable] ⚠️ 视频已删除或不可用,,,2026-08-13T01:58:20.459481,deleted,video unavailable: deleted (status -1)
7670161040293891341,https://www.tiktok.com/@anker_uk/video/7670161040293891341?lang=en&is_copy_url=1&is_from_webapp=v1,@anker_uk,,[unavailable] ⚠️ 视频已删除或不可用,[unavailable] ⚠️ 视频已删除或不可用,,,2026-08-13T01:58:28.628333,deleted,video unavailable: deleted (status -1)
7670485206880636191,https://www.tiktok.com/@anker_uk/video/7670485206880636191?lang=en&is_copy_url=1&is_from_webapp=v1,@anker_uk,,[unavailable] ⚠️ 视频已删除或不可用,[unavailable] ⚠️ 视频已删除或不可用,,,2026-08-13T01:58:36.660914,deleted,video unavailable: deleted (status -1)
7670176646518836511,https://www.tiktok.com/@anker_uk/video/7670176646518836511?lang=en&is_copy_url=1&is_from_webapp=v1,@anker_uk,,[unavailable] ⚠️ 视频已删除或不可用,[unavailable] ⚠️ 视频已删除或不可用,,,2026-08-13T01:58:44.704205,deleted,video unavailable: deleted (status -1)
7670483590551047455,https://www.tiktok.com/@anker_uk/video/7670483590551047455?lang=en&is_copy_url=1&is_from_webapp=v1,@anker_uk,,[unavailable] ⚠️ 视频已删除或不可用,[unavailable] ⚠️ 视频已删除或不可用,,,2026-08-13T01:58:52.794526,deleted,video unavailable: deleted (status -1)
7670485206880636191,https://www.tiktok.com/@anker_uk/video/7670485206880636191?lang=en&is_copy_url=1&is_from_webapp=v1,@anker_uk,,[提取失败] tikwm API failed: 403 Client Error: Forbidden for ,,,,2026-08-13T02:29:34.034959,error,tikwm API failed: 403 Client Error: Forbidden for url: https://www.tikwm.com/api/?url=https%3A%2F%2Fwww.tiktok.com%2F%40anker_uk%2Fvideo%2F7670485206880636191
7670176646518836511,https://www.tiktok.com/@anker_uk/video/7670176646518836511?lang=en&is_copy_url=1&is_from_webapp=v1,@anker_uk,,[提取失败] tikwm API failed: 403 Client Error: Forbidden for ,,,,2026-08-13T02:29:41.769838,error,tikwm API failed: 403 Client Error: Forbidden for url: https://www.tikwm.com/api/?url=https%3A%2F%2Fwww.tiktok.com%2F%40anker_uk%2Fvideo%2F7670176646518836511
7645145111621307669,https://www.tiktok.com/@karlagallardor/video/7645145111621307669?is_copy_url=1&is_from_webapp=v1,@karlagallardor,mi cabello literal se ve demasiado bonito después de usar Liso Diamante ✨ el brillo se nota muchísimo y el acabado se ve súper lindo sin esfuerzo. @Garnier México 💎 #GarnierMx #BrilloQueEncantaLisoQueAguanta ,"Yo no había visto mi cabello con este brillo. Primero, la bómica ve yo, y después con loco, garnir fructis, liso de amante, y aquí viene la parte que cambió todo. Darle calor para activarlo. Entonces me seco y planche el cabello para que quedé muchísimo más pulido y brillo. Y de verdad, el globo que deja se ve pareció. Se siente su persuave, se dozo y demasiado bonito. Y siento que hace que mi cabello se ve a muchísimo más cuidado. Y ahora entiendo porque este globo en el cabello se ve tan diferente. Y honestamente, sí se nota muchísimo el efecto antifriz. Porque mi cabello se ve súper pulido con un brillo precioso y hasta 100 horas de brillo de amante.",我从未见过我的头发如此闪亮。首先，波米卡看到了我，然后是疯子，加尼尔果子，像情人一样顺利，而现在改变了一切的部分来了。给它加热以激活它。然后我将头发吹干并拉直，使其更加光滑和有光泽。事实上，它留下的气球看起来就像它。感觉很有说服力，很有说服力，而且太漂亮了。我觉得它让我的头发看起来更受照顾。现在我明白为什么头发上的气球看起来如此不同了。老实说，抗毛躁的效果非常明显。因为我的头发看起来非常光滑，散发着华丽的光泽，并且可以保持长达 100 小时的光泽。,es,38s,2026-08-14T08:36:00.726001,success,
7656205030416059655,https://www.tiktok.com/@alondra.soqui/video/7656205030416059655?is_copy_url=1&is_from_webapp=v1,@alondra.soqui,,"Si se te cae el pelo, yo jo de te calpa. Para mi peluca yo uso esta fantástica gama de crece pelo con biotin, argin y benzo de acepin metan.",如果你的头发掉光了，我会让你保持冷静。对于我的假发，我使用了一系列含有生物素、精精和乙酰苯美坦苯并的奇妙头发生长产品。,es,10s,2026-08-14T08:36:08.754989,success,
7647592872979582228,https://www.tiktok.com/@pinkvibes999/video/7647592872979582228?is_copy_url=1&is_from_webapp=v1,@pinkvibes999,Por fin empiezo a lucir un cabello hermoso y radiante ,"Mi cambio es la verdadera publicidad, vean estas puntas a Vierta ya no llevaba que hacer con ella realmente tenía demasiados y es real mi caso, luego empecé a probar esto hace unos 15 días aproximadamente este sentido y vean nada más el cambio. Tengo muchísimo menos de puntas a Vierta, significa que había sido más brilloso, está mucho más suave, muy fácil de peinar, un cantadismo con este sitio.","我的改变是真正的广告，看看这些关于 Pour 的提示，我与它没有任何关系，我真的有太多，这是我的真实情况，然后我大约 15 天前开始尝试这个，大约在这个意义上，只是看到了变化。 I have much less split ends, it means that it was shinier, it is much softer, very easy to comb, a great deal with this site.",es,26s,2026-08-14T08:36:19.226416,success,
7669546057524661525,https://www.tiktok.com/@feershoop/video/7669546057524661525?is_copy_url=1&is_from_webapp=v1,@feershoop,Está geniaaal😍 #cabello #puntasabiertas #cabellosano #haircare #GlowUp ,,,en,12s,2026-08-14T08:40:52.356683,no_audio_detected,
7667434827737484551,https://www.tiktok.com/@tabathasotto/video/7667434827737484551?is_copy_url=1&is_from_webapp=v1,@tabathasotto,"​El secreto para un pelazo suave, brillante y sin frizz ✨ Ya saben que el Aceite Capilar Ayvanna River es un 10/10 💖 Consíganlo directo aquí abajo en el carrito naranja 🛒👇 ​#AceiteCapilar #AyvannaRiver #CuidadoDelCabello #RutinaDeCabello #tipsdemama  ","Todo el mundo me pregunta como le hago para que el cabello de mi hija siempre esté tan impecable y brillante, dicen que es genética, pero no, es pura sabiduría maternal. El secreto empieza aquí, con el cabello húmedo, aplicamos unas cuantas gotas de la seite capilar a Ivana River, frotamos bien las manos y lo distribuimos como si fuera un tratamiento de un millón de dólares. Eso sí, regla obligatoria, a quedarle el visto bueno con la prueba del fato, una vez aprobado por el control de calidad, peinamos como de costumbre, vean como queda sin nudos ni dramas. Dos coletitas sencillas, vean lo fácil que corre el pein de gracias a la seite, 0 jalones. Agregamos unas cuantas gotitas más, solo por puro amor a larte. Así se ve el cabello recientratado y húmedo supermanejable en utrido y listo para dejar los secar de forma natural. Y aquí el momento de la verdad, pasaron varias horas, el cabello se se copor completo y sigue intacto, manejable con un brillo espectacular y cero fris. Tensión al brillo, esto no es un comercial de televisión, es el aceite capilar a Ivana River, haciendo su magia. Si quieres un cabello así de radiante, el aceite a Ivana River es la respuesta, pero fris suabilidad extreme a hicieron nudos, los dedos se deslizan como sin nada. Yo reinconclusión una maravilla, totalmente aprobado por el control de calidad. Vayan por el suyo al carrito naranja antes de que se agote y me lo agradecen después, bye.",每个人都问我如何让我女儿的头发始终如此完美和闪亮。他们说这是遗传，但事实并非如此，这纯粹是母性的智慧。秘密从这里开始，在潮湿的头发上，我们滴几滴伊万娜河护发产品，揉搓双手，然后将其分发，就好像这是一次价值百万美元的护理。当然，强制性的规定，必须得到头发证明的批准，一旦通过质量控制，我们就像往常一样梳理头发，看看它看起来如何，没有结或戏剧。两条简单的辫子，看看梳子运行起来有多容易，这要归功于网站，0 拉力。我们又加了几滴，只是为了对拉特的纯粹热爱。这就是刚刚处理过的湿发的样子，在 utrido 中非常容易打理，并准备让它自然干燥。几个小时过去了，头发已经完全卷曲，而且仍然完好无损，易于梳理，具有惊人的光泽和零毛躁。张力闪耀，这不是电视广告，它是伊万娜河发油，正在发挥其魔力。如果你想让头发如此容光焕发，伊万娜河油就是答案，但它的极度柔软会让头发打结，你的手指会毫无感觉地滑动。我发现它很棒，得到了质量控制的完全认可。在橙色车用完之前去拿你的，稍后再感谢我，再见。,es,88s,2026-08-14T08:41:08.830382,success,
7661109780366249234,https://www.tiktok.com/@venus_romero/video/7661109780366249234?is_copy_url=1&is_from_webapp=v1,@venus_romero,😔 #cabello #hair ,,,en,21s,2026-08-14T08:41:16.827759,no_audio_detected,
7669399173753638162,https://www.tiktok.com/@rbq5fiwal0/video/7669399173753638162?is_copy_url=1&is_from_webapp=v1,@rbq5fiwal0,#tiktok #fyp #hairtok #tiktokshop #haircare ,"¿Estás haciendo? ¿Cuánto más se coste tu cabello más increíble serán los resultados? Si solo quieres que tu cabello que de suave imanejable usa la una vez por semana Pero si tu cabello está seco y sete cae usa la, dos veces por semana Al principio yo tampoco lo creía hasta que la provee, al día siguiente Mi cabello o maneció tan sedoso que parecía magias mira Esta textura contiene aceite de arganma roquí Quera tina concentrada alemana Por eso es tan densa inútritiva Y quieres volver a sentirte una chica cuidada y elegante Y tienes que probarla",你在做吗？你的头发成本越高，效果就越令人难以置信？如果你只想让你的头发柔软易打理，每周使用一次 但如果你的头发干燥、脱落，每周使用两次 一开始我也不相信，直到第二天我的头发看起来丝滑得像魔术一样，你看这个质地含有阿甘玛油 Roquí Quera 德国浓缩浴缸 这就是为什么它如此浓密且无法使用 你想再次感觉像一个被照顾和优雅的女孩 你必须尝试一下,es,34s,2026-08-14T08:41:26.323728,success,
7665641088283135240,https://www.tiktok.com/@rbq5fiwal0/video/7665641088283135240?is_copy_url=1&is_from_webapp=v1,@rbq5fiwal0,#tiktok #silkyhair #haircare #tiktokmademebuyit #fyp ,"cuanto más se coste tu cabello más increíble serán los resultados, si solo quieres que tu cabello que de suave imanejable usa la una vez por semana, pero si tu cabello está seco y sete cae usa la, dos veces por semana, al principio yo tampoco lo creía hasta que la probé, al día siguiente, mi cabello o manesío tan sedoso que parecía magias mira, esta textura continua aceite de argan marroquí, que la tina concentrada alemana, por eso es tan densa inutrítiva, si quieres volver a sentir",您的头发成本越高，效果就越令人难以置信。如果您只想让头发柔软且易于打理，请每周使用一次，但如果您的头发干燥且脱落，请每周使用两次。起初我也不相信，直到我尝试了。第二天，我的头发变得丝滑，就像有魔法一样。看，这种纹理还在继续。,es,24s,2026-08-14T08:41:35.508070,success,
7663497258213641492,https://www.tiktok.com/@opanfw6/video/7663497258213641492?is_copy_url=1&is_from_webapp=v1,@opanfw6,#cabello #hairtok #cabelloseco #fypmx #tiktokshop,"¿Cuánto más se coste tu cabello más increíble serán los resultados? Si solo quieres que tu cabello que de suave imanejable usa la una vez por semana, pero si tu cabello está seco y sete cay, usa la, dos veces por semana, al principio yo tampoco lo creía hasta que la prove, al día siguiente. Mi cabello amaneció tan sedoso que parecía.",你的头发成本越高，效果就越令人难以置信？如果你只想让头发柔软易打理，每周使用一次，但如果你的头发干燥、脱落，每周使用两次，一开始我也不相信，直到第二天我尝试了一下。我的头发醒来后看起来非常丝滑。,es,56s,2026-08-14T08:41:44.699818,success,
7669546057524661525,https://www.tiktok.com/@feershoop/video/7669546057524661525?is_copy_url=1&is_from_webapp=v1,@feershoop,,[提取失败] tikwm API failed: 403 Client Error: Forbidden for ,,,,2026-08-14T08:46:45.912331,error,tikwm API failed: 403 Client Error: Forbidden for url: https://www.tikwm.com/api/?url=https%3A%2F%2Fwww.tiktok.com%2F%40feershoop%2Fvideo%2F7669546057524661525
7661109780366249234,https://www.tiktok.com/@venus_romero/video/7661109780366249234?is_copy_url=1&is_from_webapp=v1,@venus_romero,,[提取失败] tikwm API failed: 403 Client Error: Forbidden for ,,,,2026-08-14T08:47:06.869406,error,tikwm API failed: 403 Client Error: Forbidden for url: https://www.tikwm.com/api/?url=https%3A%2F%2Fwww.tiktok.com%2F%40venus_romero%2Fvideo%2F7661109780366249234
7645851898238553365,https://www.tiktok.com/@paogabucio/video/7645851898238553365?is_copy_url=1&is_from_webapp=v1,@paogabucio,,[提取失败] tikwm API failed: 403 Client Error: Forbidden for ,,,,2026-08-14T08:47:27.664247,error,tikwm API failed: 403 Client Error: Forbidden for url: https://www.tikwm.com/api/?url=https%3A%2F%2Fwww.tiktok.com%2F%40paogabucio%2Fvideo%2F7645851898238553365
7654623851665526023,https://www.tiktok.com/@aleeee2306/video/7654623851665526023?is_copy_url=1&is_from_webapp=v1,@aleeee2306,,[提取失败] tikwm API failed: 403 Client Error: Forbidden for ,,,,2026-08-14T08:47:48.023240,error,tikwm API failed: 403 Client Error: Forbidden for url: https://www.tikwm.com/api/?url=https%3A%2F%2Fwww.tiktok.com%2F%40aleeee2306%2Fvideo%2F7654623851665526023
7656687205607279880,https://www.tiktok.com/@papi_edu1/video/7656687205607279880?is_copy_url=1&is_from_webapp=v1,@papi_edu1,,[提取失败] tikwm API failed: 403 Client Error: Forbidden for ,,,,2026-08-14T08:48:07.764557,error,tikwm API failed: 403 Client Error: Forbidden for url: https://www.tikwm.com/api/?url=https%3A%2F%2Fwww.tiktok.com%2F%40papi_edu1%2Fvideo%2F7656687205607279880
7669546057524661525,https://www.tiktok.com/@feershoop/video/7669546057524661525?is_copy_url=1&is_from_webapp=v1,@feershoop,,[提取失败] tikwm API failed: 403 Client Error: Forbidden for ,,,,2026-08-14T08:51:14.407244,error,tikwm API failed: 403 Client Error: Forbidden for url: https://www.tikwm.com/api/?url=https%3A%2F%2Fwww.tiktok.com%2F%40feershoop%2Fvideo%2F7669546057524661525
7661109780366249234,https://www.tiktok.com/@venus_romero/video/7661109780366249234?is_copy_url=1&is_from_webapp=v1,@venus_romero,,[提取失败] tikwm API failed: 403 Client Error: Forbidden for ,,,,2026-08-14T08:51:35.962670,error,tikwm API failed: 403 Client Error: Forbidden for url: https://www.tikwm.com/api/?url=https%3A%2F%2Fwww.tiktok.com%2F%40venus_romero%2Fvideo%2F7661109780366249234
7645851898238553365,https://www.tiktok.com/@paogabucio/video/7645851898238553365?is_copy_url=1&is_from_webapp=v1,@paogabucio,,[提取失败] tikwm API failed: 403 Client Error: Forbidden for ,,,,2026-08-14T08:51:56.843975,error,tikwm API failed: 403 Client Error: Forbidden for url: https://www.tikwm.com/api/?url=https%3A%2F%2Fwww.tiktok.com%2F%40paogabucio%2Fvideo%2F7645851898238553365
7654623851665526023,https://www.tiktok.com/@aleeee2306/video/7654623851665526023?is_copy_url=1&is_from_webapp=v1,@aleeee2306,,[提取失败] tikwm API failed: 403 Client Error: Forbidden for ,,,,2026-08-14T08:52:17.814390,error,tikwm API failed: 403 Client Error: Forbidden for url: https://www.tikwm.com/api/?url=https%3A%2F%2Fwww.tiktok.com%2F%40aleeee2306%2Fvideo%2F7654623851665526023
7656687205607279880,https://www.tiktok.com/@papi_edu1/video/7656687205607279880?is_copy_url=1&is_from_webapp=v1,@papi_edu1,,[提取失败] tikwm API failed: 403 Client Error: Forbidden for ,,,,2026-08-14T08:52:39.464512,error,tikwm API failed: 403 Client Error: Forbidden for url: https://www.tikwm.com/api/?url=https%3A%2F%2Fwww.tiktok.com%2F%40papi_edu1%2Fvideo%2F7656687205607279880
7645145111621307669,https://www.tiktok.com/@karlagallardor/video/7645145111621307669?is_copy_url=1&is_from_webapp=v1,,,"Yo no había visto mi cabello con este brillo. Primero, la bómica ve yo, y después con loco, garnir fructis, liso de amante, y aquí viene la parte que cambió todo. Darle calor para activarlo. Entonces me seco y planche el cabello para que quedé muchísimo más pulido y brillo. Y de verdad, el globo que deja se ve pareció. Se siente su persuave, se dozo y demasiado bonito. Y siento que hace que mi cabello se ve a muchísimo más cuidado. Y ahora entiendo porque este globo en el cabello se ve tan diferente. Y honestamente, sí se nota muchísimo el efecto antifriz. Porque mi cabello se ve súper pulido con un brillo precioso y hasta 100 horas de brillo de amante.",我从未见过我的头发如此闪亮。首先，波米卡看到了我，然后是疯子，加尼尔果子，像情人一样顺利，而现在改变了一切的部分来了。给它加热以激活它。然后我将头发吹干并拉直，使其更加光滑和有光泽。事实上，它留下的气球看起来就像它。感觉很有说服力，很有说服力，而且太漂亮了。我觉得它让我的头发看起来更受照顾。现在我明白为什么头发上的气球看起来如此不同了。老实说，抗毛躁的效果非常明显。因为我的头发看起来非常光滑，散发着华丽的光泽，并且可以保持长达 100 小时的光泽。,,,达人视频,达人口播,2026-08-14T08:55:57.878522,success,
7656205030416059655,https://www.tiktok.com/@alondra.soqui/video/7656205030416059655?is_copy_url=1&is_from_webapp=v1,,,"Si se te cae el pelo, yo jo de te calpa. Para mi peluca yo uso esta fantástica gama de crece pelo con biotin, argin y benzo de acepin metan.",如果你的头发掉光了，我会让你保持冷静。对于我的假发，我使用了一系列含有生物素、精精和乙酰苯美坦苯并的奇妙头发生长产品。,,,达人视频,达人口播,2026-08-14T08:55:57.878552,success,
7647592872979582228,https://www.tiktok.com/@pinkvibes999/video/7647592872979582228?is_copy_url=1&is_from_webapp=v1,,,"Mi cambio es la verdadera publicidad, vean estas puntas a Vierta ya no llevaba que hacer con ella realmente tenía demasiados y es real mi caso, luego empecé a probar esto hace unos 15 días aproximadamente este sentido y vean nada más el cambio. Tengo muchísimo menos de puntas a Vierta, significa que había sido más brilloso, está mucho más suave, muy fácil de peinar, un cantadismo con este sitio.","我的改变是真正的广告，看看这些关于 Pour 的提示，我与它没有任何关系，我真的有太多，这是我的真实情况，然后我大约 15 天前开始尝试这个，大约在这个意义上，只是看到了变化。 I have much less split ends, it means that it was shinier, it is much softer, very easy to comb, a great deal with this site.",,,达人视频,达人口播,2026-08-14T08:55:57.878575,success,
7669546057524661525,https://www.tiktok.com/@feershoop/video/7669546057524661525?is_copy_url=1&is_from_webapp=v1,@feershoop,Está geniaaal😍 #cabello #puntasabiertas #cabellosano #haircare #GlowUp ,,,en,12s,,,2026-08-14T08:56:06.107264,no_audio_detected,
7667434827737484551,https://www.tiktok.com/@tabathasotto/video/7667434827737484551?is_copy_url=1&is_from_webapp=v1,,,"Todo el mundo me pregunta como le hago para que el cabello de mi hija siempre esté tan impecable y brillante, dicen que es genética, pero no, es pura sabiduría maternal. El secreto empieza aquí, con el cabello húmedo, aplicamos unas cuantas gotas de la seite capilar a Ivana River, frotamos bien las manos y lo distribuimos como si fuera un tratamiento de un millón de dólares. Eso sí, regla obligatoria, a quedarle el visto bueno con la prueba del fato, una vez aprobado por el control de calidad, peinamos como de costumbre, vean como queda sin nudos ni dramas. Dos coletitas sencillas, vean lo fácil que corre el pein de gracias a la seite, 0 jalones. Agregamos unas cuantas gotitas más, solo por puro amor a larte. Así se ve el cabello recientratado y húmedo supermanejable en utrido y listo para dejar los secar de forma natural. Y aquí el momento de la verdad, pasaron varias horas, el cabello se se copor completo y sigue intacto, manejable con un brillo espectacular y cero fris. Tensión al brillo, esto no es un comercial de televisión, es el aceite capilar a Ivana River, haciendo su magia. Si quieres un cabello así de radiante, el aceite a Ivana River es la respuesta, pero fris suabilidad extreme a hicieron nudos, los dedos se deslizan como sin nada. Yo reinconclusión una maravilla, totalmente aprobado por el control de calidad. Vayan por el suyo al carrito naranja antes de que se agote y me lo agradecen después, bye.",每个人都问我如何让我女儿的头发始终如此完美和闪亮。他们说这是遗传，但事实并非如此，这纯粹是母性的智慧。秘密从这里开始，在潮湿的头发上，我们滴几滴伊万娜河护发产品，揉搓双手，然后将其分发，就好像这是一次价值百万美元的护理。当然，强制性的规定，必须得到头发证明的批准，一旦通过质量控制，我们就像往常一样梳理头发，看看它看起来如何，没有结或戏剧。两条简单的辫子，看看梳子运行起来有多容易，这要归功于网站，0 拉力。我们又加了几滴，只是为了对拉特的纯粹热爱。这就是刚刚处理过的湿发的样子，在 utrido 中非常容易打理，并准备让它自然干燥。几个小时过去了，头发已经完全卷曲，而且仍然完好无损，易于梳理，具有惊人的光泽和零毛躁。张力闪耀，这不是电视广告，它是伊万娜河发油，正在发挥其魔力。如果你想让头发如此容光焕发，伊万娜河油就是答案，但它的极度柔软会让头发打结，你的手指会毫无感觉地滑动。我发现它很棒，得到了质量控制的完全认可。在橙色车用完之前去拿你的，稍后再感谢我，再见。,,,达人视频,达人口播,2026-08-14T08:56:06.107328,success,
7661109780366249234,https://www.tiktok.com/@venus_romero/video/7661109780366249234?is_copy_url=1&is_from_webapp=v1,@venus_romero,😔 #cabello #hair ,,,en,21s,,,2026-08-14T08:56:12.929370,no_audio_detected,
7669399173753638162,https://www.tiktok.com/@rbq5fiwal0/video/7669399173753638162?is_copy_url=1&is_from_webapp=v1,,,"¿Estás haciendo? ¿Cuánto más se coste tu cabello más increíble serán los resultados? Si solo quieres que tu cabello que de suave imanejable usa la una vez por semana Pero si tu cabello está seco y sete cae usa la, dos veces por semana Al principio yo tampoco lo creía hasta que la provee, al día siguiente Mi cabello o maneció tan sedoso que parecía magias mira Esta textura contiene aceite de arganma roquí Quera tina concentrada alemana Por eso es tan densa inútritiva Y quieres volver a sentirte una chica cuidada y elegante Y tienes que probarla",你在做吗？你的头发成本越高，效果就越令人难以置信？如果你只想让你的头发柔软易打理，每周使用一次 但如果你的头发干燥、脱落，每周使用两次 一开始我也不相信，直到第二天我的头发看起来丝滑得像魔术一样，你看这个质地含有阿甘玛油 Roquí Quera 德国浓缩浴缸 这就是为什么它如此浓密且无法使用 你想再次感觉像一个被照顾和优雅的女孩 你必须尝试一下,,,达人视频,达人口播,2026-08-14T08:56:12.929425,success,
7665641088283135240,https://www.tiktok.com/@rbq5fiwal0/video/7665641088283135240?is_copy_url=1&is_from_webapp=v1,,,"cuanto más se coste tu cabello más increíble serán los resultados, si solo quieres que tu cabello que de suave imanejable usa la una vez por semana, pero si tu cabello está seco y sete cae usa la, dos veces por semana, al principio yo tampoco lo creía hasta que la probé, al día siguiente, mi cabello o manesío tan sedoso que parecía magias mira, esta textura continua aceite de argan marroquí, que la tina concentrada alemana, por eso es tan densa inutrítiva, si quieres volver a sentir",您的头发成本越高，效果就越令人难以置信。如果您只想让头发柔软且易于打理，请每周使用一次，但如果您的头发干燥且脱落，请每周使用两次。起初我也不相信，直到我尝试了。第二天，我的头发变得丝滑，就像有魔法一样。看，这种纹理还在继续。,,,达人视频,达人口播,2026-08-14T08:56:12.929461,success,
7663497258213641492,https://www.tiktok.com/@opanfw6/video/7663497258213641492?is_copy_url=1&is_from_webapp=v1,,,"¿Cuánto más se coste tu cabello más increíble serán los resultados? Si solo quieres que tu cabello que de suave imanejable usa la una vez por semana, pero si tu cabello está seco y sete cay, usa la, dos veces por semana, al principio yo tampoco lo creía hasta que la prove, al día siguiente. Mi cabello amaneció tan sedoso que parecía.",你的头发成本越高，效果就越令人难以置信？如果你只想让头发柔软易打理，每周使用一次，但如果你的头发干燥、脱落，每周使用两次，一开始我也不相信，直到第二天我尝试了一下。我的头发醒来后看起来非常丝滑。,,,达人视频,达人口播,2026-08-14T08:56:12.929484,success,
7645851898238553365,https://www.tiktok.com/@paogabucio/video/7645851898238553365?is_copy_url=1&is_from_webapp=v1,@paogabucio,Respuesta a @analaump Aquí mi gran secreto 🤫 #fyppppppppppppppppppppppp #fyp #grwm #gabucio #HotSaleEnTikTokShopMX ,"No, este orillo no salió de ninguna creatina ni mucho menos de una de las que lo permanece y ni un solo químico Así que quedate que orito todo explicar qué fue lo que me dio este efecto de espejo Ya ahora te agarrate que te cuento todo y de cómo tengo el pelo así Bien, a lo que podrás tener varios consejos de cómo de cuidar el pelo Pero no necesidades que ni uno me ha dejado este efecto orillo Y la realidad es que lo conseguí en TikTok shop Lo conseguí y es esta más cariada de caviar No sabes, hermana, de verdad No sabes, de este brillo, o sea, no tengo una más que este es del temas que observa lo Quiero, ama lo que es el pelo así con este brillo, cada vez que te lo Adací es, y que se va a dar esta manera, te lo prometo que te van a estar frenando en la calle de Qué bonito se te ve el pueblo, lo puedo tocar, se ve su personalcito Así que ya lo sabes, ¿qué es un pelo así? TikTok shop, creme",不，这种边缘并非来自任何肌酸，更不用说是残留的肌酸，而不是任何一种化学物质。所以留在这里，我将解释给我带来这种镜像效果的一切。现在等一下，我会告诉你一切，以及我是如何拥有这样的头发的。好吧，你可以提供一些关于如何护理我的头发的建议。但你不需要知道没有人给我留下这种镶边效果。事实是我是在 TikTok 商店里买到的。我拿到了，这是最腐烂的鱼子酱。你不知道，姐妹，你真的不知道，关于这种光芒，我的意思是，我没有比这更多的主题了，这是你观察到的。我想要，喜欢这样闪亮的头发，每次我把它加到你身上，都会以这种方式发生，我向你保证，他们会在街上拦住你，这个小镇在你身上看起来多么美丽，我可以触摸它，你可以看到它的个人所以现在你知道，那是什么头发吗？ TikTok 商店，相信我,es,56s,达人视频,达人口播,2026-08-14T08:56:29.574574,success,
7654623851665526023,https://www.tiktok.com/@aleeee2306/video/7654623851665526023?is_copy_url=1&is_from_webapp=v1,@aleeee2306,Mi mascarilla favorita forever pero no le digan a nadie  #utogru ,,,en,16s,,,2026-08-14T08:56:35.770607,no_audio_detected,
7656687205607279880,https://www.tiktok.com/@papi_edu1/video/7656687205607279880?is_copy_url=1&is_from_webapp=v1,@papi_edu1,Mira el carrito naranja🤫⬆️,Thanks for watching!,感谢您的观看！,en,15s,达人视频,混剪,2026-08-14T08:56:46.440512,success,
7669546057524661525,https://www.tiktok.com/@feershoop/video/7669546057524661525?is_copy_url=1&is_from_webapp=v1,@feershoop,,[提取失败] tikwm API failed: 403 Client Error: Forbidden for ,,,,,,2026-08-14T09:01:54.776374,error,tikwm API failed: 403 Client Error: Forbidden for url: https://www.tikwm.com/api/?url=https%3A%2F%2Fwww.tiktok.com%2F%40feershoop%2Fvideo%2F7669546057524661525
7661109780366249234,https://www.tiktok.com/@venus_romero/video/7661109780366249234?is_copy_url=1&is_from_webapp=v1,@venus_romero,,[提取失败] tikwm API failed: 403 Client Error: Forbidden for ,,,,,,2026-08-14T09:02:15.255027,error,tikwm API failed: 403 Client Error: Forbidden for url: https://www.tikwm.com/api/?url=https%3A%2F%2Fwww.tiktok.com%2F%40venus_romero%2Fvideo%2F7661109780366249234
7654623851665526023,https://www.tiktok.com/@aleeee2306/video/7654623851665526023?is_copy_url=1&is_from_webapp=v1,@aleeee2306,,[提取失败] tikwm API failed: 403 Client Error: Forbidden for ,,,,,,2026-08-14T09:02:35.920359,error,tikwm API failed: 403 Client Error: Forbidden for url: https://www.tikwm.com/api/?url=https%3A%2F%2Fwww.tiktok.com%2F%40aleeee2306%2Fvideo%2F7654623851665526023
7656685843536448775,https://www.tiktok.com/@papi_edu1/video/7656685843536448775?is_copy_url=1&is_from_webapp=v1,@papi_edu1,,[提取失败] tikwm API failed: 403 Client Error: Forbidden for ,,,,,,2026-08-14T09:02:57.837345,error,tikwm API failed: 403 Client Error: Forbidden for url: https://www.tikwm.com/api/?url=https%3A%2F%2Fwww.tiktok.com%2F%40papi_edu1%2Fvideo%2F7656685843536448775
7669546057524661525,https://www.tiktok.com/@feershoop/video/7669546057524661525?is_copy_url=1&is_from_webapp=v1,@feershoop,Está geniaaal😍 #cabello #puntasabiertas #cabellosano #haircare #GlowUp ,,,en,12s,,,2026-08-14T09:05:57.620559,no_audio_detected,
7661109780366249234,https://www.tiktok.com/@venus_romero/video/7661109780366249234?is_copy_url=1&is_from_webapp=v1,@venus_romero,😔 #cabello #hair ,,,en,21s,,,2026-08-14T09:06:03.655117,no_audio_detected,
7654623851665526023,https://www.tiktok.com/@aleeee2306/video/7654623851665526023?is_copy_url=1&is_from_webapp=v1,@aleeee2306,Mi mascarilla favorita forever pero no le digan a nadie  #utogru ,,,en,16s,,,2026-08-14T09:06:11.119933,no_audio_detected,
7656685843536448775,https://www.tiktok.com/@papi_edu1/video/7656685843536448775?is_copy_url=1&is_from_webapp=v1,@papi_edu1,Mira el carrito naranja 🤫⬆️ #modelos #cejas #pestañas ,Thanks for watching!,感谢您的观看！,en,15s,达人视频,混剪,2026-08-14T09:06:23.301846,success,
7668355737264983312,https://www.tiktok.com/@etuhsqiqifju0f/video/7668355737264983312?is_copy_url=1&is_from_webapp=v1,@etuhsqiqifju0f,#tiktok #fyp #hairtok #tiktokshop #haircare ,"Cuando más seco este tu cabello, más increíble serán los resultados. Si solo quieres que tu cabello que de suave imanejable usa la una vez por semana, pero si tu cabello está seco y seteca y usa la. Dos veces por semana, al principio yo tampoco lo creía hasta que la provee, al día siguiente. Mi cabello maneció tan sedoso que parecía magia admira. Esta textura contiene aceite de argan marroquí, que la tina concentrada alemana, por eso es tan desaynutritiva. Si quieres volver a sentirte una chica cuidada y elegante, tienes que probarla.",Error 500 (Server Error)!!1500.That’s an error.There was an error. Please try again later.That’s all we know.,es,48s,达人视频,达人口播,2026-08-17T03:26:04.939521,success,
7660002637886065927,https://www.tiktok.com/@afpfa5/video/7660002637886065927?is_copy_url=1&is_from_webapp=v1,@afpfa5,#hair#hairtok#tiktok#tiktokshop#fyppppppppppppppppppppppp ,"¿Qué estás haciendo? ¿Cuánto más seco este tu cabello más increíble serán los resultados? Si solo quieres que tu cabello que de suave inmanejable usa una vez por semana, pero si tu cabello está seco y sete cay usa la, dos veces por semana, al principio yo tampoco lo creía hasta que la prove, al día siguiente, mi cabello maneció tan sedoso que parecía.",你在干什么？头发越干燥，效果就越令人难以置信？如果你只想让你的头发柔软难打理，每周使用一次，但如果你的头发干燥、脱落，每周使用两次，一开始我也不相信，直到我尝试了，第二天，我的头发看起来很丝滑。,es,55s,达人视频,达人口播,2026-08-17T03:26:19.774746,success,
7662941399226043668,https://www.tiktok.com/@mbcxhohuymsaly/video/7662941399226043668?is_copy_url=1&is_from_webapp=v1,@mbcxhohuymsaly,#hair #fyp #tiktok #hairtok #haircare ,"¿Cuánto más se coste tu cabello más increíble serán los resultados? Si solo quieres que tu cabello que de suave in manejable usa la una vez por semana, pero si tu cabello está seco y sete cay usa la, dos veces por semana, al principio yo tampoco lo creía hasta que la provee, al día siguiente. Mi cabello maneció tan sedoso que parecía.",你的头发成本越高，效果就越令人难以置信？如果你只想让你的头发柔软难打理，每周使用一次，但如果你的头发干燥、脱落，每周使用两次，一开始我也不相信，直到第二天你提供。我的头发看起来仍然那么柔滑。,es,26s,达人视频,达人口播,2026-08-17T03:26:31.832541,success,
7661180021171686677,https://www.tiktok.com/@anagachupin13/video/7661180021171686677?is_copy_url=1&is_from_webapp=v1,@anagachupin13,,[提取失败] tikwm API failed: 403 Client Error: Forbidden for ,,,,,,2026-08-17T03:31:19.426986,error,tikwm API failed: 403 Client Error: Forbidden for url: https://www.tikwm.com/api/?url=https%3A%2F%2Fwww.tiktok.com%2F%40anagachupin13%2Fvideo%2F7661180021171686677
7641677757511978261,https://www.tiktok.com/@dyneecmcho/video/7641677757511978261?is_copy_url=1&is_from_webapp=v1,@dyneecmcho,,[提取失败] tikwm API failed: 403 Client Error: Forbidden for ,,,,,,2026-08-17T03:31:39.689784,error,tikwm API failed: 403 Client Error: Forbidden for url: https://www.tikwm.com/api/?url=https%3A%2F%2Fwww.tiktok.com%2F%40dyneecmcho%2Fvideo%2F7641677757511978261
7642368278391754005,https://www.tiktok.com/@rosidelacruz20/video/7642368278391754005?is_copy_url=1&is_from_webapp=v1,@rosidelacruz20,,[提取失败] tikwm API failed: 403 Client Error: Forbidden for ,,,,,,2026-08-17T03:32:00.937789,error,tikwm API failed: 403 Client Error: Forbidden for url: https://www.tikwm.com/api/?url=https%3A%2F%2Fwww.tiktok.com%2F%40rosidelacruz20%2Fvideo%2F7642368278391754005
7657256762122325256,https://www.tiktok.com/@jennndar/video/7657256762122325256?is_copy_url=1&is_from_webapp=v1,@jennndar,,[提取失败] tikwm API failed: 403 Client Error: Forbidden for ,,,,,,2026-08-17T03:32:21.175384,error,tikwm API failed: 403 Client Error: Forbidden for url: https://www.tikwm.com/api/?url=https%3A%2F%2Fwww.tiktok.com%2F%40jennndar%2Fvideo%2F7657256762122325256
7628434232121068807,https://www.tiktok.com/@soy.maffer/video/7628434232121068807?is_copy_url=1&is_from_webapp=v1,@soy.maffer,,[提取失败] tikwm API failed: 403 Client Error: Forbidden for ,,,,,,2026-08-17T03:36:14.257810,error,tikwm API failed: 403 Client Error: Forbidden for url: https://www.tikwm.com/api/?url=https%3A%2F%2Fwww.tiktok.com%2F%40soy.maffer%2Fvideo%2F7628434232121068807
7661180021171686677,https://www.tiktok.com/@anagachupin13/video/7661180021171686677?is_copy_url=1&is_from_webapp=v1,@anagachupin13,,[提取失败] tikwm API failed: 403 Client Error: Forbidden for ,,,,,,2026-08-17T03:36:37.125339,error,tikwm API failed: 403 Client Error: Forbidden for url: https://www.tikwm.com/api/?url=https%3A%2F%2Fwww.tiktok.com%2F%40anagachupin13%2Fvideo%2F7661180021171686677
7665382839793274132,https://www.tiktok.com/@citlali3030/video/7665382839793274132?is_copy_url=1&is_from_webapp=v1,@citlali3030,,[提取失败] tikwm API failed: 403 Client Error: Forbidden for ,,,,,,2026-08-17T03:36:59.722323,error,tikwm API failed: 403 Client Error: Forbidden for url: https://www.tikwm.com/api/?url=https%3A%2F%2Fwww.tiktok.com%2F%40citlali3030%2Fvideo%2F7665382839793274132
7641677757511978261,https://www.tiktok.com/@dyneecmcho/video/7641677757511978261?is_copy_url=1&is_from_webapp=v1,@dyneecmcho,,[提取失败] tikwm API failed: 403 Client Error: Forbidden for ,,,,,,2026-08-17T03:37:22.135021,error,tikwm API failed: 403 Client Error: Forbidden for url: https://www.tikwm.com/api/?url=https%3A%2F%2Fwww.tiktok.com%2F%40dyneecmcho%2Fvideo%2F7641677757511978261
7642368278391754005,https://www.tiktok.com/@rosidelacruz20/video/7642368278391754005?is_copy_url=1&is_from_webapp=v1,@rosidelacruz20,,[提取失败] tikwm API failed: 403 Client Error: Forbidden for ,,,,,,2026-08-17T03:37:44.905990,error,tikwm API failed: 403 Client Error: Forbidden for url: https://www.tikwm.com/api/?url=https%3A%2F%2Fwww.tiktok.com%2F%40rosidelacruz20%2Fvideo%2F7642368278391754005
7657256762122325256,https://www.tiktok.com/@jennndar/video/7657256762122325256?is_copy_url=1&is_from_webapp=v1,@jennndar,,[提取失败] tikwm API failed: 403 Client Error: Forbidden for ,,,,,,2026-08-17T03:38:06.667969,error,tikwm API failed: 403 Client Error: Forbidden for url: https://www.tikwm.com/api/?url=https%3A%2F%2Fwww.tiktok.com%2F%40jennndar%2Fvideo%2F7657256762122325256
7660233785534991634,https://www.tiktok.com/@rosa.parra/video/7660233785534991634?is_copy_url=1&is_from_webapp=v1,@rosa.parra,,[提取失败] tikwm API failed: 403 Client Error: Forbidden for ,,,,,,2026-08-17T03:38:28.144851,error,tikwm API failed: 403 Client Error: Forbidden for url: https://www.tikwm.com/api/?url=https%3A%2F%2Fwww.tiktok.com%2F%40rosa.parra%2Fvideo%2F7660233785534991634
7661058844973337876,https://www.tiktok.com/@adycarrascoo/video/7661058844973337876?is_copy_url=1&is_from_webapp=v1,@adycarrascoo,,[提取失败] tikwm API failed: 403 Client Error: Forbidden for ,,,,,,2026-08-17T03:38:50.329619,error,tikwm API failed: 403 Client Error: Forbidden for url: https://www.tikwm.com/api/?url=https%3A%2F%2Fwww.tiktok.com%2F%40adycarrascoo%2Fvideo%2F7661058844973337876
7628434232121068807,https://www.tiktok.com/@soy.maffer/video/7628434232121068807?is_copy_url=1&is_from_webapp=v1,@soy.maffer,Lo uso en las puntitas y se ve mucho más bonito 👀 #cabellolargo #cabellosaludable #cabellosano ,"siempre me preguntan que hago en el pelo de mije y la verdad es que no es nada complicado en las noches normalmente le hago una trancita flojita y este ha sido mijag últimamente es una aceite de superligero que no deje el pelo nada nada pesado yo lo aplico de medios a puntas pero me enfoco mucho más en las puntas y la neta le ha ayudado muchísimo se le ve más bonito, mas hidratado, mas suave y si tú tienes puntas abiertas o el pelo seco te lo recomiendo con los ojo cerrados puedes usarlo igual para peinarte o en las noches para darle un plusa a tu cabello mientras dormes, la verdad que lo he estado usando así y me ha gustado mucho el resultado como puedes ver, yo ya casi me lo acabo, la verdad si lo aplico durante la noche a otro día el cabello se siente muy manejable y hidratado y se ve súper brilloso y si lo aplico para peinarla igual el resultado me encanta porque quedan muy brilloso y suave",他们总是问我如何处理 Mije 的头发，事实是这并不复杂。晚上我通常会轻轻触碰它，最近这就是 Mijag。这是一种超轻油，不会让头发变得沉重。我从中间到末端应用它，但我更关注末端，并且网有很大帮助。它看起来更漂亮、更水润、更柔软，如果你有分叉或干发，我建议你闭上眼睛使用。您还可以用它来梳理头发，或在晚上睡觉时使用它来增强头发的活力。事实是，我一直这样使用它，我真的很喜欢它的结果，正如你所看到的，我快用完了。事实是，如果我在另一天使用它过夜，头发会感觉非常易于打理和滋润，并且看起来超级有光泽，如果我用它来梳理头发，我喜欢这个结果，因为它们非常有光泽和柔软。,es,53s,达人视频,达人口播,2026-08-17T03:41:16.776136,success,
7661180021171686677,https://www.tiktok.com/@anagachupin13/video/7661180021171686677?is_copy_url=1&is_from_webapp=v1,@anagachupin13,#aceite #cabello #belleza #paratiiiiiiiiiiiiiiiiiiiiiiiiiiiiiii #tiktokshop ,,,en,15s,,,2026-08-17T03:41:23.347987,no_audio_detected,
7665382839793274132,https://www.tiktok.com/@citlali3030/video/7665382839793274132?is_copy_url=1&is_from_webapp=v1,@citlali3030,Cómprenlo aquí mucho más barato y llega hasta la puerta de tu casa! 🏡 ✨🤌🏼 #tiktokshop #elvive #loreal #tratamientosparaelcabello #oleo ,,,en,16s,,,2026-08-17T03:41:30.839006,no_audio_detected,
7641677757511978261,https://www.tiktok.com/@dyneecmcho/video/7641677757511978261?is_copy_url=1&is_from_webapp=v1,@dyneecmcho,#paratiii #viral ,Tancados que me cuesta mi olo del díbe y aquí casi nos regala.,Tancados 让我失去了我的 olo del díbe 而在这里他几乎出卖了我们。,es,9s,达人视频,达人口播,2026-08-17T03:41:39.189032,success,
7642368278391754005,https://www.tiktok.com/@rosidelacruz20/video/7642368278391754005?is_copy_url=1&is_from_webapp=v1,@rosidelacruz20,#hotsaleentiktokshopmx #foryoupage #planchadodecabello #viralvideo ,"Termo protector de planchado expres ayuda a la siar el cabello más rápido, protege el cabello del calor, si quieres adquirir el tuyo te lo estaré dejando en el carrito naranja.",快速熨烫保护器保温瓶有助于更快地拉直头发，保护头发免受热量影响，如果您想购买，我会将其放在橙色推车中。,es,20s,达人视频,达人口播,2026-08-17T03:41:48.076989,success,
7657256762122325256,https://www.tiktok.com/@jennndar/video/7657256762122325256?is_copy_url=1&is_from_webapp=v1,@jennndar,Deja el cabello mucho más lacio💗 #fypシ゚viral #termoprotector #cabellosanoybrillante #paratiiiiiiiiiiiiiiiiiiiiiiiiiiiiiii #suavidadybrillo ,"Ya dejé de que Martel cabelló cada que te lo planchas o usas una herramienta con calor. Desde que yo comenzé a usar un buen termo un protector, siento mi cabello más sano y con más brillo. A parte de lo deja mucho más lacio. Puedes encontrar este termo un protector en mi carito naranja.",我已经不再在每次熨烫或使用加热工具时制作马特尔片状头发。自从我开始使用良好的热保护器后，我的头发感觉更健康、更闪亮。此外，它让它变得更加笔直。你可以发现这个保温瓶是我橙色脸上的保护器。,es,14s,达人视频,达人口播,2026-08-17T03:41:58.462313,success,
7660233785534991634,https://www.tiktok.com/@rosa.parra/video/7660233785534991634?is_copy_url=1&is_from_webapp=v1,@rosa.parra,"Aceite de Romero y Batana 🌱 •Estimula, Fortalece y Revitaliza •Estimula el crecimiento nutre y engrosa el cabello •Tratamiento para cabello y cuero cabelludo ✨ #aceitederomero #aceitebatana #romero #oilbatana #crecimientodelcabello ",Bye!,再见！,en,20s,达人视频,混剪,2026-08-17T03:42:06.527822,success,
7661058844973337876,https://www.tiktok.com/@adycarrascoo/video/7661058844973337876?is_copy_url=1&is_from_webapp=v1,@adycarrascoo,Aceite de romero y batana para el cabello #aceite #aceitedebatana #romero #cabello ,"Aceite de batana, para cabello, barba, pestañas, cejas, cuenta con sus aplicadores y de el para hombres y mujeres, adquiere el tuyo arriba de mi nombre aparece el carrito naranja.",富勒油适用于头发、胡须、睫毛、眉毛，有涂抹器，男女均可购买，在我的名字上方出现橙色推车。,es,42s,达人视频,达人口播,2026-08-17T03:42:17.868644,success,
7661180021171686677,https://www.tiktok.com/@anagachupin13/video/7661180021171686677?is_copy_url=1&is_from_webapp=v1,@anagachupin13,#aceite #cabello #belleza #paratiiiiiiiiiiiiiiiiiiiiiiiiiiiiiii #tiktokshop ,,,en,15s,,,2026-08-17T03:46:03.746876,no_audio_detected,
7665382839793274132,https://www.tiktok.com/@citlali3030/video/7665382839793274132?is_copy_url=1&is_from_webapp=v1,@citlali3030,Cómprenlo aquí mucho más barato y llega hasta la puerta de tu casa! 🏡 ✨🤌🏼 #tiktokshop #elvive #loreal #tratamientosparaelcabello #oleo ,,,en,16s,,,2026-08-17T03:46:10.645276,no_audio_detected,
7661180021171686677,https://www.tiktok.com/@anagachupin13/video/7661180021171686677?is_copy_url=1&is_from_webapp=v1,@anagachupin13,,[提取失败] tikwm API failed: 403 Client Error: Forbidden for ,,,,,,2026-08-17T03:51:33.219824,error,tikwm API failed: 403 Client Error: Forbidden for url: https://www.tikwm.com/api/?url=https%3A%2F%2Fwww.tiktok.com%2F%40anagachupin13%2Fvideo%2F7661180021171686677
7665382839793274132,https://www.tiktok.com/@citlali3030/video/7665382839793274132?is_copy_url=1&is_from_webapp=v1,@citlali3030,,[提取失败] tikwm API failed: 403 Client Error: Forbidden for ,,,,,,2026-08-17T03:51:56.400483,error,tikwm API failed: 403 Client Error: Forbidden for url: https://www.tikwm.com/api/?url=https%3A%2F%2Fwww.tiktok.com%2F%40citlali3030%2Fvideo%2F7665382839793274132
7661180021171686677,https://www.tiktok.com/@anagachupin13/video/7661180021171686677?is_copy_url=1&is_from_webapp=v1,@anagachupin13,,[提取失败] tikwm API failed: 403 Client Error: Forbidden for ,,,,,,2026-08-17T03:56:10.982030,error,tikwm API failed: 403 Client Error: Forbidden for url: https://www.tikwm.com/api/?url=https%3A%2F%2Fwww.tiktok.com%2F%40anagachupin13%2Fvideo%2F7661180021171686677
7665382839793274132,https://www.tiktok.com/@citlali3030/video/7665382839793274132?is_copy_url=1&is_from_webapp=v1,@citlali3030,,[提取失败] tikwm API failed: 403 Client Error: Forbidden for ,,,,,,2026-08-17T03:56:32.277761,error,tikwm API failed: 403 Client Error: Forbidden for url: https://www.tikwm.com/api/?url=https%3A%2F%2Fwww.tiktok.com%2F%40citlali3030%2Fvideo%2F7665382839793274132
7661180021171686677,https://www.tiktok.com/@anagachupin13/video/7661180021171686677?is_copy_url=1&is_from_webapp=v1,@anagachupin13,,[提取失败] tikwm API failed: 403 Client Error: Forbidden for ,,,,,,2026-08-17T04:01:30.427309,error,tikwm API failed: 403 Client Error: Forbidden for url: https://www.tikwm.com/api/?url=https%3A%2F%2Fwww.tiktok.com%2F%40anagachupin13%2Fvideo%2F7661180021171686677
7665382839793274132,https://www.tiktok.com/@citlali3030/video/7665382839793274132?is_copy_url=1&is_from_webapp=v1,@citlali3030,,[提取失败] tikwm API failed: 403 Client Error: Forbidden for ,,,,,,2026-08-17T04:01:53.347802,error,tikwm API failed: 403 Client Error: Forbidden for url: https://www.tikwm.com/api/?url=https%3A%2F%2Fwww.tiktok.com%2F%40citlali3030%2Fvideo%2F7665382839793274132
7661180021171686677,https://www.tiktok.com/@anagachupin13/video/7661180021171686677?is_copy_url=1&is_from_webapp=v1,@anagachupin13,,[提取失败] tikwm API failed: 403 Client Error: Forbidden for ,,,,,,2026-08-17T04:06:08.629281,error,tikwm API failed: 403 Client Error: Forbidden for url: https://www.tikwm.com/api/?url=https%3A%2F%2Fwww.tiktok.com%2F%40anagachupin13%2Fvideo%2F7661180021171686677
7665382839793274132,https://www.tiktok.com/@citlali3030/video/7665382839793274132?is_copy_url=1&is_from_webapp=v1,@citlali3030,,[提取失败] tikwm API failed: 403 Client Error: Forbidden for ,,,,,,2026-08-17T04:06:29.969629,error,tikwm API failed: 403 Client Error: Forbidden for url: https://www.tikwm.com/api/?url=https%3A%2F%2Fwww.tiktok.com%2F%40citlali3030%2Fvideo%2F7665382839793274132
7661180021171686677,https://www.tiktok.com/@anagachupin13/video/7661180021171686677?is_copy_url=1&is_from_webapp=v1,@anagachupin13,,[提取失败] tikwm API failed: 403 Client Error: Forbidden for ,,,,,,2026-08-17T04:11:26.280186,error,tikwm API failed: 403 Client Error: Forbidden for url: https://www.tikwm.com/api/?url=https%3A%2F%2Fwww.tiktok.com%2F%40anagachupin13%2Fvideo%2F7661180021171686677
7665382839793274132,https://www.tiktok.com/@citlali3030/video/7665382839793274132?is_copy_url=1&is_from_webapp=v1,@citlali3030,,[提取失败] tikwm API failed: 403 Client Error: Forbidden for ,,,,,,2026-08-17T04:11:47.407088,error,tikwm API failed: 403 Client Error: Forbidden for url: https://www.tikwm.com/api/?url=https%3A%2F%2Fwww.tiktok.com%2F%40citlali3030%2Fvideo%2F7665382839793274132
7661180021171686677,https://www.tiktok.com/@anagachupin13/video/7661180021171686677?is_copy_url=1&is_from_webapp=v1,@anagachupin13,,[提取失败] tikwm API failed: 403 Client Error: Forbidden for ,,,,,,2026-08-17T04:16:25.205576,error,tikwm API failed: 403 Client Error: Forbidden for url: https://www.tikwm.com/api/?url=https%3A%2F%2Fwww.tiktok.com%2F%40anagachupin13%2Fvideo%2F7661180021171686677
7665382839793274132,https://www.tiktok.com/@citlali3030/video/7665382839793274132?is_copy_url=1&is_from_webapp=v1,@citlali3030,,[提取失败] tikwm API failed: 403 Client Error: Forbidden for ,,,,,,2026-08-17T04:16:47.426112,error,tikwm API failed: 403 Client Error: Forbidden for url: https://www.tikwm.com/api/?url=https%3A%2F%2Fwww.tiktok.com%2F%40citlali3030%2Fvideo%2F7665382839793274132
7661180021171686677,https://www.tiktok.com/@anagachupin13/video/7661180021171686677?is_copy_url=1&is_from_webapp=v1,@anagachupin13,,[提取失败] tikwm API failed: 403 Client Error: Forbidden for ,,,,,,2026-08-17T04:21:40.704780,error,tikwm API failed: 403 Client Error: Forbidden for url: https://www.tikwm.com/api/?url=https%3A%2F%2Fwww.tiktok.com%2F%40anagachupin13%2Fvideo%2F7661180021171686677
7665382839793274132,https://www.tiktok.com/@citlali3030/video/7665382839793274132?is_copy_url=1&is_from_webapp=v1,@citlali3030,,[提取失败] tikwm API failed: 403 Client Error: Forbidden for ,,,,,,2026-08-17T04:22:04.591545,error,tikwm API failed: 403 Client Error: Forbidden for url: https://www.tikwm.com/api/?url=https%3A%2F%2Fwww.tiktok.com%2F%40citlali3030%2Fvideo%2F7665382839793274132
7661180021171686677,https://www.tiktok.com/@anagachupin13/video/7661180021171686677?is_copy_url=1&is_from_webapp=v1,@anagachupin13,,[提取失败] tikwm API failed: 403 Client Error: Forbidden for ,,,,,,2026-08-17T04:26:22.353687,error,tikwm API failed: 403 Client Error: Forbidden for url: https://www.tikwm.com/api/?url=https%3A%2F%2Fwww.tiktok.com%2F%40anagachupin13%2Fvideo%2F7661180021171686677
7665382839793274132,https://www.tiktok.com/@citlali3030/video/7665382839793274132?is_copy_url=1&is_from_webapp=v1,@citlali3030,,[提取失败] tikwm API failed: 403 Client Error: Forbidden for ,,,,,,2026-08-17T04:26:44.930757,error,tikwm API failed: 403 Client Error: Forbidden for url: https://www.tikwm.com/api/?url=https%3A%2F%2Fwww.tiktok.com%2F%40citlali3030%2Fvideo%2F7665382839793274132
7661180021171686677,https://www.tiktok.com/@anagachupin13/video/7661180021171686677?is_copy_url=1&is_from_webapp=v1,@anagachupin13,,[提取失败] tikwm API failed: 403 Client Error: Forbidden for ,,,,,,2026-08-17T04:31:19.717120,error,tikwm API failed: 403 Client Error: Forbidden for url: https://www.tikwm.com/api/?url=https%3A%2F%2Fwww.tiktok.com%2F%40anagachupin13%2Fvideo%2F7661180021171686677
7665382839793274132,https://www.tiktok.com/@citlali3030/video/7665382839793274132?is_copy_url=1&is_from_webapp=v1,@citlali3030,,[提取失败] tikwm API failed: 403 Client Error: Forbidden for ,,,,,,2026-08-17T04:31:42.570939,error,tikwm API failed: 403 Client Error: Forbidden for url: https://www.tikwm.com/api/?url=https%3A%2F%2Fwww.tiktok.com%2F%40citlali3030%2Fvideo%2F7665382839793274132
7661180021171686677,https://www.tiktok.com/@anagachupin13/video/7661180021171686677?is_copy_url=1&is_from_webapp=v1,@anagachupin13,#aceite #cabello #belleza #paratiiiiiiiiiiiiiiiiiiiiiiiiiiiiiii #tiktokshop ,,,en,15s,,,2026-08-17T04:36:00.762504,no_audio_detected,
7665382839793274132,https://www.tiktok.com/@citlali3030/video/7665382839793274132?is_copy_url=1&is_from_webapp=v1,@citlali3030,Cómprenlo aquí mucho más barato y llega hasta la puerta de tu casa! 🏡 ✨🤌🏼 #tiktokshop #elvive #loreal #tratamientosparaelcabello #oleo ,,,en,16s,,,2026-08-17T04:36:07.067705,no_audio_detected,
7661180021171686677,https://www.tiktok.com/@anagachupin13/video/7661180021171686677?is_copy_url=1&is_from_webapp=v1,@anagachupin13,,[提取失败] tikwm API failed: 403 Client Error: Forbidden for ,,,,,,2026-08-17T04:41:27.726153,error,tikwm API failed: 403 Client Error: Forbidden for url: https://www.tikwm.com/api/?url=https%3A%2F%2Fwww.tiktok.com%2F%40anagachupin13%2Fvideo%2F7661180021171686677
7665382839793274132,https://www.tiktok.com/@citlali3030/video/7665382839793274132?is_copy_url=1&is_from_webapp=v1,@citlali3030,,[提取失败] tikwm API failed: 403 Client Error: Forbidden for ,,,,,,2026-08-17T04:41:49.848837,error,tikwm API failed: 403 Client Error: Forbidden for url: https://www.tikwm.com/api/?url=https%3A%2F%2Fwww.tiktok.com%2F%40citlali3030%2Fvideo%2F7665382839793274132
7661180021171686677,https://www.tiktok.com/@anagachupin13/video/7661180021171686677?is_copy_url=1&is_from_webapp=v1,@anagachupin13,,[提取失败] tikwm API failed: 403 Client Error: Forbidden for ,,,,,,2026-08-17T04:46:30.848314,error,tikwm API failed: 403 Client Error: Forbidden for url: https://www.tikwm.com/api/?url=https%3A%2F%2Fwww.tiktok.com%2F%40anagachupin13%2Fvideo%2F7661180021171686677
7665382839793274132,https://www.tiktok.com/@citlali3030/video/7665382839793274132?is_copy_url=1&is_from_webapp=v1,@citlali3030,,[提取失败] tikwm API failed: 403 Client Error: Forbidden for ,,,,,,2026-08-17T04:46:52.120513,error,tikwm API failed: 403 Client Error: Forbidden for url: https://www.tikwm.com/api/?url=https%3A%2F%2Fwww.tiktok.com%2F%40citlali3030%2Fvideo%2F7665382839793274132
7661180021171686677,https://www.tiktok.com/@anagachupin13/video/7661180021171686677?is_copy_url=1&is_from_webapp=v1,@anagachupin13,,[提取失败] tikwm API failed: 403 Client Error: Forbidden for ,,,,,,2026-08-17T04:51:22.165873,error,tikwm API failed: 403 Client Error: Forbidden for url: https://www.tikwm.com/api/?url=https%3A%2F%2Fwww.tiktok.com%2F%40anagachupin13%2Fvideo%2F7661180021171686677
7665382839793274132,https://www.tiktok.com/@citlali3030/video/7665382839793274132?is_copy_url=1&is_from_webapp=v1,@citlali3030,,[提取失败] tikwm API failed: 403 Client Error: Forbidden for ,,,,,,2026-08-17T04:51:47.245579,error,tikwm API failed: 403 Client Error: Forbidden for url: https://www.tikwm.com/api/?url=https%3A%2F%2Fwww.tiktok.com%2F%40citlali3030%2Fvideo%2F7665382839793274132
7661180021171686677,https://www.tiktok.com/@anagachupin13/video/7661180021171686677?is_copy_url=1&is_from_webapp=v1,@anagachupin13,,[提取失败] tikwm API failed: 403 Client Error: Forbidden for ,,,,,,2026-08-17T04:56:06.596757,error,tikwm API failed: 403 Client Error: Forbidden for url: https://www.tikwm.com/api/?url=https%3A%2F%2Fwww.tiktok.com%2F%40anagachupin13%2Fvideo%2F7661180021171686677
7665382839793274132,https://www.tiktok.com/@citlali3030/video/7665382839793274132?is_copy_url=1&is_from_webapp=v1,@citlali3030,,[提取失败] tikwm API failed: 403 Client Error: Forbidden for ,,,,,,2026-08-17T04:56:28.751962,error,tikwm API failed: 403 Client Error: Forbidden for url: https://www.tikwm.com/api/?url=https%3A%2F%2Fwww.tiktok.com%2F%40citlali3030%2Fvideo%2F7665382839793274132
7661180021171686677,https://www.tiktok.com/@anagachupin13/video/7661180021171686677?is_copy_url=1&is_from_webapp=v1,@anagachupin13,,[提取失败] tikwm API failed: 403 Client Error: Forbidden for ,,,,,,2026-08-17T05:01:26.839241,error,tikwm API failed: 403 Client Error: Forbidden for url: https://www.tikwm.com/api/?url=https%3A%2F%2Fwww.tiktok.com%2F%40anagachupin13%2Fvideo%2F7661180021171686677
7665382839793274132,https://www.tiktok.com/@citlali3030/video/7665382839793274132?is_copy_url=1&is_from_webapp=v1,@citlali3030,,[提取失败] tikwm API failed: 403 Client Error: Forbidden for ,,,,,,2026-08-17T05:01:49.871539,error,tikwm API failed: 403 Client Error: Forbidden for url: https://www.tikwm.com/api/?url=https%3A%2F%2Fwww.tiktok.com%2F%40citlali3030%2Fvideo%2F7665382839793274132
7661180021171686677,https://www.tiktok.com/@anagachupin13/video/7661180021171686677?is_copy_url=1&is_from_webapp=v1,@anagachupin13,,[提取失败] tikwm API failed: 403 Client Error: Forbidden for ,,,,,,2026-08-17T05:06:15.878382,error,tikwm API failed: 403 Client Error: Forbidden for url: https://www.tikwm.com/api/?url=https%3A%2F%2Fwww.tiktok.com%2F%40anagachupin13%2Fvideo%2F7661180021171686677
7665382839793274132,https://www.tiktok.com/@citlali3030/video/7665382839793274132?is_copy_url=1&is_from_webapp=v1,@citlali3030,,[提取失败] tikwm API failed: 403 Client Error: Forbidden for ,,,,,,2026-08-17T05:06:37.445207,error,tikwm API failed: 403 Client Error: Forbidden for url: https://www.tikwm.com/api/?url=https%3A%2F%2Fwww.tiktok.com%2F%40citlali3030%2Fvideo%2F7665382839793274132
7661180021171686677,https://www.tiktok.com/@anagachupin13/video/7661180021171686677?is_copy_url=1&is_from_webapp=v1,@anagachupin13,#aceite #cabello #belleza #paratiiiiiiiiiiiiiiiiiiiiiiiiiiiiiii #tiktokshop ,,,en,15s,,,2026-08-17T05:11:16.453397,no_audio_detected,
7665382839793274132,https://www.tiktok.com/@citlali3030/video/7665382839793274132?is_copy_url=1&is_from_webapp=v1,@citlali3030,Cómprenlo aquí mucho más barato y llega hasta la puerta de tu casa! 🏡 ✨🤌🏼 #tiktokshop #elvive #loreal #tratamientosparaelcabello #oleo ,,,en,16s,,,2026-08-17T05:11:22.780631,no_audio_detected,
7661180021171686677,https://www.tiktok.com/@anagachupin13/video/7661180021171686677?is_copy_url=1&is_from_webapp=v1,@anagachupin13,,[提取失败] tikwm API failed: 403 Client Error: Forbidden for ,,,,,,2026-08-17T05:16:20.899279,error,tikwm API failed: 403 Client Error: Forbidden for url: https://www.tikwm.com/api/?url=https%3A%2F%2Fwww.tiktok.com%2F%40anagachupin13%2Fvideo%2F7661180021171686677
7665382839793274132,https://www.tiktok.com/@citlali3030/video/7665382839793274132?is_copy_url=1&is_from_webapp=v1,@citlali3030,,[提取失败] tikwm API failed: 403 Client Error: Forbidden for ,,,,,,2026-08-17T05:16:44.127578,error,tikwm API failed: 403 Client Error: Forbidden for url: https://www.tikwm.com/api/?url=https%3A%2F%2Fwww.tiktok.com%2F%40citlali3030%2Fvideo%2F7665382839793274132
7661180021171686677,https://www.tiktok.com/@anagachupin13/video/7661180021171686677?is_copy_url=1&is_from_webapp=v1,@anagachupin13,,[提取失败] tikwm API failed: 403 Client Error: Forbidden for ,,,,,,2026-08-17T05:21:17.789305,error,tikwm API failed: 403 Client Error: Forbidden for url: https://www.tikwm.com/api/?url=https%3A%2F%2Fwww.tiktok.com%2F%40anagachupin13%2Fvideo%2F7661180021171686677
7665382839793274132,https://www.tiktok.com/@citlali3030/video/7665382839793274132?is_copy_url=1&is_from_webapp=v1,@citlali3030,,[提取失败] tikwm API failed: 403 Client Error: Forbidden for ,,,,,,2026-08-17T05:21:38.634585,error,tikwm API failed: 403 Client Error: Forbidden for url: https://www.tikwm.com/api/?url=https%3A%2F%2Fwww.tiktok.com%2F%40citlali3030%2Fvideo%2F7665382839793274132
7661180021171686677,https://www.tiktok.com/@anagachupin13/video/7661180021171686677?is_copy_url=1&is_from_webapp=v1,@anagachupin13,,[提取失败] tikwm API failed: 403 Client Error: Forbidden for ,,,,,,2026-08-17T05:26:04.926832,error,tikwm API failed: 403 Client Error: Forbidden for url: https://www.tikwm.com/api/?url=https%3A%2F%2Fwww.tiktok.com%2F%40anagachupin13%2Fvideo%2F7661180021171686677
7665382839793274132,https://www.tiktok.com/@citlali3030/video/7665382839793274132?is_copy_url=1&is_from_webapp=v1,@citlali3030,,[提取失败] tikwm API failed: 403 Client Error: Forbidden for ,,,,,,2026-08-17T05:26:25.305059,error,tikwm API failed: 403 Client Error: Forbidden for url: https://www.tikwm.com/api/?url=https%3A%2F%2Fwww.tiktok.com%2F%40citlali3030%2Fvideo%2F7665382839793274132
7661180021171686677,https://www.tiktok.com/@anagachupin13/video/7661180021171686677?is_copy_url=1&is_from_webapp=v1,@anagachupin13,#aceite #cabello #belleza #paratiiiiiiiiiiiiiiiiiiiiiiiiiiiiiii #tiktokshop ,,,en,15s,,,2026-08-17T05:31:23.679638,no_audio_detected,
7665382839793274132,https://www.tiktok.com/@citlali3030/video/7665382839793274132?is_copy_url=1&is_from_webapp=v1,@citlali3030,Cómprenlo aquí mucho más barato y llega hasta la puerta de tu casa! 🏡 ✨🤌🏼 #tiktokshop #elvive #loreal #tratamientosparaelcabello #oleo ,,,en,16s,,,2026-08-17T05:31:29.212424,no_audio_detected,
7661180021171686677,https://www.tiktok.com/@anagachupin13/video/7661180021171686677?is_copy_url=1&is_from_webapp=v1,@anagachupin13,#aceite #cabello #belleza #paratiiiiiiiiiiiiiiiiiiiiiiiiiiiiiii #tiktokshop ,,,en,15s,,,2026-08-17T05:36:06.519839,no_audio_detected,
7665382839793274132,https://www.tiktok.com/@citlali3030/video/7665382839793274132?is_copy_url=1&is_from_webapp=v1,@citlali3030,Cómprenlo aquí mucho más barato y llega hasta la puerta de tu casa! 🏡 ✨🤌🏼 #tiktokshop #elvive #loreal #tratamientosparaelcabello #oleo ,,,en,16s,,,2026-08-17T05:36:12.634468,no_audio_detected,
7661180021171686677,https://www.tiktok.com/@anagachupin13/video/7661180021171686677?is_copy_url=1&is_from_webapp=v1,@anagachupin13,#aceite #cabello #belleza #paratiiiiiiiiiiiiiiiiiiiiiiiiiiiiiii #tiktokshop ,,,en,15s,,,2026-08-17T05:41:14.352197,no_audio_detected,
7665382839793274132,https://www.tiktok.com/@citlali3030/video/7665382839793274132?is_copy_url=1&is_from_webapp=v1,@citlali3030,Cómprenlo aquí mucho más barato y llega hasta la puerta de tu casa! 🏡 ✨🤌🏼 #tiktokshop #elvive #loreal #tratamientosparaelcabello #oleo ,,,en,16s,,,2026-08-17T05:41:23.213108,no_audio_detected,
7661180021171686677,https://www.tiktok.com/@anagachupin13/video/7661180021171686677?is_copy_url=1&is_from_webapp=v1,@anagachupin13,#aceite #cabello #belleza #paratiiiiiiiiiiiiiiiiiiiiiiiiiiiiiii #tiktokshop ,,,en,15s,,,2026-08-17T05:46:14.762233,no_audio_detected,
7665382839793274132,https://www.tiktok.com/@citlali3030/video/7665382839793274132?is_copy_url=1&is_from_webapp=v1,@citlali3030,Cómprenlo aquí mucho más barato y llega hasta la puerta de tu casa! 🏡 ✨🤌🏼 #tiktokshop #elvive #loreal #tratamientosparaelcabello #oleo ,,,en,16s,,,2026-08-17T05:46:21.037224,no_audio_detected,
7661180021171686677,https://www.tiktok.com/@anagachupin13/video/7661180021171686677?is_copy_url=1&is_from_webapp=v1,@anagachupin13,,[提取失败] tikwm API failed: 403 Client Error: Forbidden for ,,,,,,2026-08-17T05:51:39.691306,error,tikwm API failed: 403 Client Error: Forbidden for url: https://www.tikwm.com/api/?url=https%3A%2F%2Fwww.tiktok.com%2F%40anagachupin13%2Fvideo%2F7661180021171686677
7665382839793274132,https://www.tiktok.com/@citlali3030/video/7665382839793274132?is_copy_url=1&is_from_webapp=v1,@citlali3030,,[提取失败] tikwm API failed: 403 Client Error: Forbidden for ,,,,,,2026-08-17T05:52:01.620943,error,tikwm API failed: 403 Client Error: Forbidden for url: https://www.tikwm.com/api/?url=https%3A%2F%2Fwww.tiktok.com%2F%40citlali3030%2Fvideo%2F7665382839793274132
7661180021171686677,https://www.tiktok.com/@anagachupin13/video/7661180021171686677?is_copy_url=1&is_from_webapp=v1,@anagachupin13,,[提取失败] tikwm API failed: 403 Client Error: Forbidden for ,,,,,,2026-08-17T05:56:08.211780,error,tikwm API failed: 403 Client Error: Forbidden for url: https://www.tikwm.com/api/?url=https%3A%2F%2Fwww.tiktok.com%2F%40anagachupin13%2Fvideo%2F7661180021171686677
7665382839793274132,https://www.tiktok.com/@citlali3030/video/7665382839793274132?is_copy_url=1&is_from_webapp=v1,@citlali3030,,[提取失败] tikwm API failed: 403 Client Error: Forbidden for ,,,,,,2026-08-17T05:56:30.560309,error,tikwm API failed: 403 Client Error: Forbidden for url: https://www.tikwm.com/api/?url=https%3A%2F%2Fwww.tiktok.com%2F%40citlali3030%2Fvideo%2F7665382839793274132
7661180021171686677,https://www.tiktok.com/@anagachupin13/video/7661180021171686677?is_copy_url=1&is_from_webapp=v1,@anagachupin13,,[提取失败] tikwm API failed: 403 Client Error: Forbidden for ,,,,,,2026-08-17T06:01:22.464109,error,tikwm API failed: 403 Client Error: Forbidden for url: https://www.tikwm.com/api/?url=https%3A%2F%2Fwww.tiktok.com%2F%40anagachupin13%2Fvideo%2F7661180021171686677
7665382839793274132,https://www.tiktok.com/@citlali3030/video/7665382839793274132?is_copy_url=1&is_from_webapp=v1,@citlali3030,,[提取失败] tikwm API failed: 403 Client Error: Forbidden for ,,,,,,2026-08-17T06:01:44.479081,error,tikwm API failed: 403 Client Error: Forbidden for url: https://www.tikwm.com/api/?url=https%3A%2F%2Fwww.tiktok.com%2F%40citlali3030%2Fvideo%2F7665382839793274132
7661180021171686677,https://www.tiktok.com/@anagachupin13/video/7661180021171686677?is_copy_url=1&is_from_webapp=v1,@anagachupin13,,[提取失败] tikwm API failed: 403 Client Error: Forbidden for ,,,,,,2026-08-17T06:06:07.117399,error,tikwm API failed: 403 Client Error: Forbidden for url: https://www.tikwm.com/api/?url=https%3A%2F%2Fwww.tiktok.com%2F%40anagachupin13%2Fvideo%2F7661180021171686677
7665382839793274132,https://www.tiktok.com/@citlali3030/video/7665382839793274132?is_copy_url=1&is_from_webapp=v1,@citlali3030,,[提取失败] tikwm API failed: 403 Client Error: Forbidden for ,,,,,,2026-08-17T06:06:32.160166,error,tikwm API failed: 403 Client Error: Forbidden for url: https://www.tikwm.com/api/?url=https%3A%2F%2Fwww.tiktok.com%2F%40citlali3030%2Fvideo%2F7665382839793274132
7661180021171686677,https://www.tiktok.com/@anagachupin13/video/7661180021171686677?is_copy_url=1&is_from_webapp=v1,@anagachupin13,#aceite #cabello #belleza #paratiiiiiiiiiiiiiiiiiiiiiiiiiiiiiii #tiktokshop ,,,en,15s,,,2026-08-17T06:11:12.242591,no_audio_detected,
7665382839793274132,https://www.tiktok.com/@citlali3030/video/7665382839793274132?is_copy_url=1&is_from_webapp=v1,@citlali3030,Cómprenlo aquí mucho más barato y llega hasta la puerta de tu casa! 🏡 ✨🤌🏼 #tiktokshop #elvive #loreal #tratamientosparaelcabello #oleo ,,,en,16s,,,2026-08-17T06:11:18.323737,no_audio_detected,
7661180021171686677,https://www.tiktok.com/@anagachupin13/video/7661180021171686677?is_copy_url=1&is_from_webapp=v1,@anagachupin13,,[提取失败] tikwm API failed: 403 Client Error: Forbidden for ,,,,,,2026-08-17T06:16:08.408993,error,tikwm API failed: 403 Client Error: Forbidden for url: https://www.tikwm.com/api/?url=https%3A%2F%2Fwww.tiktok.com%2F%40anagachupin13%2Fvideo%2F7661180021171686677
7665382839793274132,https://www.tiktok.com/@citlali3030/video/7665382839793274132?is_copy_url=1&is_from_webapp=v1,@citlali3030,,[提取失败] tikwm API failed: 403 Client Error: Forbidden for ,,,,,,2026-08-17T06:16:30.476692,error,tikwm API failed: 403 Client Error: Forbidden for url: https://www.tikwm.com/api/?url=https%3A%2F%2Fwww.tiktok.com%2F%40citlali3030%2Fvideo%2F7665382839793274132
7661180021171686677,https://www.tiktok.com/@anagachupin13/video/7661180021171686677?is_copy_url=1&is_from_webapp=v1,@anagachupin13,#aceite #cabello #belleza #paratiiiiiiiiiiiiiiiiiiiiiiiiiiiiiii #tiktokshop ,,,en,15s,,,2026-08-17T06:21:10.335882,no_audio_detected,
7665382839793274132,https://www.tiktok.com/@citlali3030/video/7665382839793274132?is_copy_url=1&is_from_webapp=v1,@citlali3030,Cómprenlo aquí mucho más barato y llega hasta la puerta de tu casa! 🏡 ✨🤌🏼 #tiktokshop #elvive #loreal #tratamientosparaelcabello #oleo ,,,en,16s,,,2026-08-17T06:21:16.538622,no_audio_detected,
7661180021171686677,https://www.tiktok.com/@anagachupin13/video/7661180021171686677?is_copy_url=1&is_from_webapp=v1,@anagachupin13,,[提取失败] tikwm API failed: 403 Client Error: Forbidden for ,,,,,,2026-08-17T06:26:05.565101,error,tikwm API failed: 403 Client Error: Forbidden for url: https://www.tikwm.com/api/?url=https%3A%2F%2Fwww.tiktok.com%2F%40anagachupin13%2Fvideo%2F7661180021171686677
7665382839793274132,https://www.tiktok.com/@citlali3030/video/7665382839793274132?is_copy_url=1&is_from_webapp=v1,@citlali3030,,[提取失败] tikwm API failed: 403 Client Error: Forbidden for ,,,,,,2026-08-17T06:26:27.738159,error,tikwm API failed: 403 Client Error: Forbidden for url: https://www.tikwm.com/api/?url=https%3A%2F%2Fwww.tiktok.com%2F%40citlali3030%2Fvideo%2F7665382839793274132
7661180021171686677,https://www.tiktok.com/@anagachupin13/video/7661180021171686677?is_copy_url=1&is_from_webapp=v1,@anagachupin13,,[提取失败] tikwm API failed: 403 Client Error: Forbidden for ,,,,,,2026-08-17T06:31:35.600068,error,tikwm API failed: 403 Client Error: Forbidden for url: https://www.tikwm.com/api/?url=https%3A%2F%2Fwww.tiktok.com%2F%40anagachupin13%2Fvideo%2F7661180021171686677
7665382839793274132,https://www.tiktok.com/@citlali3030/video/7665382839793274132?is_copy_url=1&is_from_webapp=v1,@citlali3030,,[提取失败] tikwm API failed: 403 Client Error: Forbidden for ,,,,,,2026-08-17T06:31:57.211447,error,tikwm API failed: 403 Client Error: Forbidden for url: https://www.tikwm.com/api/?url=https%3A%2F%2Fwww.tiktok.com%2F%40citlali3030%2Fvideo%2F7665382839793274132
7661180021171686677,https://www.tiktok.com/@anagachupin13/video/7661180021171686677?is_copy_url=1&is_from_webapp=v1,@anagachupin13,,[提取失败] tikwm API failed: 403 Client Error: Forbidden for ,,,,,,2026-08-17T06:36:18.937129,error,tikwm API failed: 403 Client Error: Forbidden for url: https://www.tikwm.com/api/?url=https%3A%2F%2Fwww.tiktok.com%2F%40anagachupin13%2Fvideo%2F7661180021171686677
7665382839793274132,https://www.tiktok.com/@citlali3030/video/7665382839793274132?is_copy_url=1&is_from_webapp=v1,@citlali3030,,[提取失败] tikwm API failed: 403 Client Error: Forbidden for ,,,,,,2026-08-17T06:36:41.338587,error,tikwm API failed: 403 Client Error: Forbidden for url: https://www.tikwm.com/api/?url=https%3A%2F%2Fwww.tiktok.com%2F%40citlali3030%2Fvideo%2F7665382839793274132
7661180021171686677,https://www.tiktok.com/@anagachupin13/video/7661180021171686677?is_copy_url=1&is_from_webapp=v1,@anagachupin13,#aceite #cabello #belleza #paratiiiiiiiiiiiiiiiiiiiiiiiiiiiiiii #tiktokshop ,,,en,15s,,,2026-08-17T06:41:09.172991,no_audio_detected,
7665382839793274132,https://www.tiktok.com/@citlali3030/video/7665382839793274132?is_copy_url=1&is_from_webapp=v1,@citlali3030,Cómprenlo aquí mucho más barato y llega hasta la puerta de tu casa! 🏡 ✨🤌🏼 #tiktokshop #elvive #loreal #tratamientosparaelcabello #oleo ,,,en,16s,,,2026-08-17T06:41:16.025425,no_audio_detected,
7661180021171686677,https://www.tiktok.com/@anagachupin13/video/7661180021171686677?is_copy_url=1&is_from_webapp=v1,@anagachupin13,,[提取失败] tikwm API failed: 403 Client Error: Forbidden for ,,,,,,2026-08-17T06:46:22.802177,error,tikwm API failed: 403 Client Error: Forbidden for url: https://www.tikwm.com/api/?url=https%3A%2F%2Fwww.tiktok.com%2F%40anagachupin13%2Fvideo%2F7661180021171686677
7665382839793274132,https://www.tiktok.com/@citlali3030/video/7665382839793274132?is_copy_url=1&is_from_webapp=v1,@citlali3030,,[提取失败] tikwm API failed: 403 Client Error: Forbidden for ,,,,,,2026-08-17T06:46:45.553096,error,tikwm API failed: 403 Client Error: Forbidden for url: https://www.tikwm.com/api/?url=https%3A%2F%2Fwww.tiktok.com%2F%40citlali3030%2Fvideo%2F7665382839793274132
7661180021171686677,https://www.tiktok.com/@anagachupin13/video/7661180021171686677?is_copy_url=1&is_from_webapp=v1,@anagachupin13,#aceite #cabello #belleza #paratiiiiiiiiiiiiiiiiiiiiiiiiiiiiiii #tiktokshop ,,,en,15s,,,2026-08-17T06:51:21.692126,no_audio_detected,
7665382839793274132,https://www.tiktok.com/@citlali3030/video/7665382839793274132?is_copy_url=1&is_from_webapp=v1,@citlali3030,Cómprenlo aquí mucho más barato y llega hasta la puerta de tu casa! 🏡 ✨🤌🏼 #tiktokshop #elvive #loreal #tratamientosparaelcabello #oleo ,,,en,16s,,,2026-08-17T06:51:28.495470,no_audio_detected,
7661180021171686677,https://www.tiktok.com/@anagachupin13/video/7661180021171686677?is_copy_url=1&is_from_webapp=v1,@anagachupin13,,[提取失败] tikwm API failed: 403 Client Error: Forbidden for ,,,,,,2026-08-17T06:56:18.968659,error,tikwm API failed: 403 Client Error: Forbidden for url: https://www.tikwm.com/api/?url=https%3A%2F%2Fwww.tiktok.com%2F%40anagachupin13%2Fvideo%2F7661180021171686677
7665382839793274132,https://www.tiktok.com/@citlali3030/video/7665382839793274132?is_copy_url=1&is_from_webapp=v1,@citlali3030,,[提取失败] tikwm API failed: 403 Client Error: Forbidden for ,,,,,,2026-08-17T06:56:41.291136,error,tikwm API failed: 403 Client Error: Forbidden for url: https://www.tikwm.com/api/?url=https%3A%2F%2Fwww.tiktok.com%2F%40citlali3030%2Fvideo%2F7665382839793274132
7661180021171686677,https://www.tiktok.com/@anagachupin13/video/7661180021171686677?is_copy_url=1&is_from_webapp=v1,@anagachupin13,#aceite #cabello #belleza #paratiiiiiiiiiiiiiiiiiiiiiiiiiiiiiii #tiktokshop ,,,en,15s,,,2026-08-17T07:01:27.795867,no_audio_detected,
7665382839793274132,https://www.tiktok.com/@citlali3030/video/7665382839793274132?is_copy_url=1&is_from_webapp=v1,@citlali3030,Cómprenlo aquí mucho más barato y llega hasta la puerta de tu casa! 🏡 ✨🤌🏼 #tiktokshop #elvive #loreal #tratamientosparaelcabello #oleo ,,,en,16s,,,2026-08-17T07:01:34.674729,no_audio_detected,
7661180021171686677,https://www.tiktok.com/@anagachupin13/video/7661180021171686677?is_copy_url=1&is_from_webapp=v1,@anagachupin13,#aceite #cabello #belleza #paratiiiiiiiiiiiiiiiiiiiiiiiiiiiiiii #tiktokshop ,,,en,15s,,,2026-08-17T07:06:01.459762,no_audio_detected,
7665382839793274132,https://www.tiktok.com/@citlali3030/video/7665382839793274132?is_copy_url=1&is_from_webapp=v1,@citlali3030,Cómprenlo aquí mucho más barato y llega hasta la puerta de tu casa! 🏡 ✨🤌🏼 #tiktokshop #elvive #loreal #tratamientosparaelcabello #oleo ,,,en,16s,,,2026-08-17T07:06:07.228612,no_audio_detected,
7661180021171686677,https://www.tiktok.com/@anagachupin13/video/7661180021171686677?is_copy_url=1&is_from_webapp=v1,@anagachupin13,#aceite #cabello #belleza #paratiiiiiiiiiiiiiiiiiiiiiiiiiiiiiii #tiktokshop ,,,en,15s,,,2026-08-17T07:11:02.078335,no_audio_detected,
7665382839793274132,https://www.tiktok.com/@citlali3030/video/7665382839793274132?is_copy_url=1&is_from_webapp=v1,@citlali3030,Cómprenlo aquí mucho más barato y llega hasta la puerta de tu casa! 🏡 ✨🤌🏼 #tiktokshop #elvive #loreal #tratamientosparaelcabello #oleo ,,,en,16s,,,2026-08-17T07:11:07.969896,no_audio_detected,
7661180021171686677,https://www.tiktok.com/@anagachupin13/video/7661180021171686677?is_copy_url=1&is_from_webapp=v1,@anagachupin13,#aceite #cabello #belleza #paratiiiiiiiiiiiiiiiiiiiiiiiiiiiiiii #tiktokshop ,,,en,15s,,,2026-08-17T07:16:24.739792,no_audio_detected,
7665382839793274132,https://www.tiktok.com/@citlali3030/video/7665382839793274132?is_copy_url=1&is_from_webapp=v1,@citlali3030,Cómprenlo aquí mucho más barato y llega hasta la puerta de tu casa! 🏡 ✨🤌🏼 #tiktokshop #elvive #loreal #tratamientosparaelcabello #oleo ,,,en,16s,,,2026-08-17T07:16:32.578188,no_audio_detected,
7661180021171686677,https://www.tiktok.com/@anagachupin13/video/7661180021171686677?is_copy_url=1&is_from_webapp=v1,@anagachupin13,#aceite #cabello #belleza #paratiiiiiiiiiiiiiiiiiiiiiiiiiiiiiii #tiktokshop ,,,en,15s,,,2026-08-17T07:20:53.442927,no_audio_detected,
7665382839793274132,https://www.tiktok.com/@citlali3030/video/7665382839793274132?is_copy_url=1&is_from_webapp=v1,@citlali3030,Cómprenlo aquí mucho más barato y llega hasta la puerta de tu casa! 🏡 ✨🤌🏼 #tiktokshop #elvive #loreal #tratamientosparaelcabello #oleo ,,,en,16s,,,2026-08-17T07:20:59.210477,no_audio_detected,
7661180021171686677,https://www.tiktok.com/@anagachupin13/video/7661180021171686677?is_copy_url=1&is_from_webapp=v1,@anagachupin13,,[提取失败] tikwm API failed: 403 Client Error: Forbidden for ,,,,,,2026-08-17T07:26:20.970515,error,tikwm API failed: 403 Client Error: Forbidden for url: https://www.tikwm.com/api/?url=https%3A%2F%2Fwww.tiktok.com%2F%40anagachupin13%2Fvideo%2F7661180021171686677
7665382839793274132,https://www.tiktok.com/@citlali3030/video/7665382839793274132?is_copy_url=1&is_from_webapp=v1,@citlali3030,,[提取失败] tikwm API failed: 403 Client Error: Forbidden for ,,,,,,2026-08-17T07:26:42.258559,error,tikwm API failed: 403 Client Error: Forbidden for url: https://www.tikwm.com/api/?url=https%3A%2F%2Fwww.tiktok.com%2F%40citlali3030%2Fvideo%2F7665382839793274132
7661180021171686677,https://www.tiktok.com/@anagachupin13/video/7661180021171686677?is_copy_url=1&is_from_webapp=v1,@anagachupin13,#aceite #cabello #belleza #paratiiiiiiiiiiiiiiiiiiiiiiiiiiiiiii #tiktokshop ,,,en,15s,,,2026-08-17T07:31:23.256233,no_audio_detected,
7665382839793274132,https://www.tiktok.com/@citlali3030/video/7665382839793274132?is_copy_url=1&is_from_webapp=v1,@citlali3030,Cómprenlo aquí mucho más barato y llega hasta la puerta de tu casa! 🏡 ✨🤌🏼 #tiktokshop #elvive #loreal #tratamientosparaelcabello #oleo ,,,en,16s,,,2026-08-17T07:31:29.574932,no_audio_detected,
7661180021171686677,https://www.tiktok.com/@anagachupin13/video/7661180021171686677?is_copy_url=1&is_from_webapp=v1,@anagachupin13,#aceite #cabello #belleza #paratiiiiiiiiiiiiiiiiiiiiiiiiiiiiiii #tiktokshop ,,,en,15s,,,2026-08-17T07:36:09.909607,no_audio_detected,
7665382839793274132,https://www.tiktok.com/@citlali3030/video/7665382839793274132?is_copy_url=1&is_from_webapp=v1,@citlali3030,Cómprenlo aquí mucho más barato y llega hasta la puerta de tu casa! 🏡 ✨🤌🏼 #tiktokshop #elvive #loreal #tratamientosparaelcabello #oleo ,,,en,16s,,,2026-08-17T07:36:15.471307,no_audio_detected,
7661180021171686677,https://www.tiktok.com/@anagachupin13/video/7661180021171686677?is_copy_url=1&is_from_webapp=v1,@anagachupin13,#aceite #cabello #belleza #paratiiiiiiiiiiiiiiiiiiiiiiiiiiiiiii #tiktokshop ,,,en,15s,,,2026-08-17T07:40:57.743633,no_audio_detected,
7665382839793274132,https://www.tiktok.com/@citlali3030/video/7665382839793274132?is_copy_url=1&is_from_webapp=v1,@citlali3030,Cómprenlo aquí mucho más barato y llega hasta la puerta de tu casa! 🏡 ✨🤌🏼 #tiktokshop #elvive #loreal #tratamientosparaelcabello #oleo ,,,en,16s,,,2026-08-17T07:41:03.507481,no_audio_detected,
7661180021171686677,https://www.tiktok.com/@anagachupin13/video/7661180021171686677?is_copy_url=1&is_from_webapp=v1,@anagachupin13,,[提取失败] tikwm API failed: 403 Client Error: Forbidden for ,,,,,,2026-08-17T07:46:26.432611,error,tikwm API failed: 403 Client Error: Forbidden for url: https://www.tikwm.com/api/?url=https%3A%2F%2Fwww.tiktok.com%2F%40anagachupin13%2Fvideo%2F7661180021171686677
7665382839793274132,https://www.tiktok.com/@citlali3030/video/7665382839793274132?is_copy_url=1&is_from_webapp=v1,@citlali3030,,[提取失败] tikwm API failed: 403 Client Error: Forbidden for ,,,,,,2026-08-17T07:46:48.229282,error,tikwm API failed: 403 Client Error: Forbidden for url: https://www.tikwm.com/api/?url=https%3A%2F%2Fwww.tiktok.com%2F%40citlali3030%2Fvideo%2F7665382839793274132
7661180021171686677,https://www.tiktok.com/@anagachupin13/video/7661180021171686677?is_copy_url=1&is_from_webapp=v1,@anagachupin13,#aceite #cabello #belleza #paratiiiiiiiiiiiiiiiiiiiiiiiiiiiiiii #tiktokshop ,,,en,15s,,,2026-08-17T07:51:11.107716,no_audio_detected,
7665382839793274132,https://www.tiktok.com/@citlali3030/video/7665382839793274132?is_copy_url=1&is_from_webapp=v1,@citlali3030,Cómprenlo aquí mucho más barato y llega hasta la puerta de tu casa! 🏡 ✨🤌🏼 #tiktokshop #elvive #loreal #tratamientosparaelcabello #oleo ,,,en,16s,,,2026-08-17T07:51:17.748248,no_audio_detected,
7661180021171686677,https://www.tiktok.com/@anagachupin13/video/7661180021171686677?is_copy_url=1&is_from_webapp=v1,@anagachupin13,,[提取失败] tikwm API failed: 403 Client Error: Forbidden for ,,,,,,2026-08-17T07:56:06.101578,error,tikwm API failed: 403 Client Error: Forbidden for url: https://www.tikwm.com/api/?url=https%3A%2F%2Fwww.tiktok.com%2F%40anagachupin13%2Fvideo%2F7661180021171686677
7665382839793274132,https://www.tiktok.com/@citlali3030/video/7665382839793274132?is_copy_url=1&is_from_webapp=v1,@citlali3030,,[提取失败] tikwm API failed: 403 Client Error: Forbidden for ,,,,,,2026-08-17T07:56:27.225286,error,tikwm API failed: 403 Client Error: Forbidden for url: https://www.tikwm.com/api/?url=https%3A%2F%2Fwww.tiktok.com%2F%40citlali3030%2Fvideo%2F7665382839793274132
7661180021171686677,https://www.tiktok.com/@anagachupin13/video/7661180021171686677?is_copy_url=1&is_from_webapp=v1,@anagachupin13,#aceite #cabello #belleza #paratiiiiiiiiiiiiiiiiiiiiiiiiiiiiiii #tiktokshop ,,,en,15s,,,2026-08-17T08:01:15.039761,no_audio_detected,
7665382839793274132,https://www.tiktok.com/@citlali3030/video/7665382839793274132?is_copy_url=1&is_from_webapp=v1,@citlali3030,Cómprenlo aquí mucho más barato y llega hasta la puerta de tu casa! 🏡 ✨🤌🏼 #tiktokshop #elvive #loreal #tratamientosparaelcabello #oleo ,,,en,16s,,,2026-08-17T08:01:21.556382,no_audio_detected,
